text,language,source,date_collected,tokens,processed_text
"Hello, how are you doing today?",english,manual_collection,2026-03-15,"['hello', 'how', 'are', 'you', 'doing', 'today']",hello how are you doing today
Good morning! I hope you had a good night.,english,manual_collection,2026-03-15,"['good', 'morning', 'i', 'hope', 'you', 'had', 'a', 'good', 'night']",good morning i hope you had a good night
"Hi there, it's nice to meet you.",english,manual_collection,2026-03-15,"['hi', 'there', 'its', 'nice', 'to', 'meet', 'you']",hi there its nice to meet you
"Good evening, how was your day?",english,manual_collection,2026-03-15,"['good', 'evening', 'how', 'was', 'your', 'day']",good evening how was your day
"Hey, long time no see! How have you been?",english,manual_collection,2026-03-15,"['hey', 'long', 'time', 'no', 'see', 'how', 'have', 'you', 'been']",hey long time no see how have you been
"My name is John, and I'm from Nairobi.",english,manual_collection,2026-03-15,"['my', 'name', 'is', 'john', 'and', 'im', 'from', 'nairobi']",my name is john and im from nairobi
I'm pleased to meet you. Where are you from?,english,manual_collection,2026-03-15,"['im', 'pleased', 'to', 'meet', 'you', 'where', 'are', 'you', 'from']",im pleased to meet you where are you from
Welcome to our home. Please come in.,english,manual_collection,2026-03-15,"['welcome', 'to', 'our', 'home', 'please', 'come', 'in']",welcome to our home please come in
I went to the market to buy some vegetables.,english,manual_collection,2026-03-15,"['i', 'went', 'to', 'the', 'market', 'to', 'buy', 'some', 'vegetables']",i went to the market to buy some vegetables
"The weather is very nice today, isn't it?",english,manual_collection,2026-03-15,"['the', 'weather', 'is', 'very', 'nice', 'today', 'isnt', 'it']",the weather is very nice today isnt it
Can you help me carry these bags?,english,manual_collection,2026-03-15,"['can', 'you', 'help', 'me', 'carry', 'these', 'bags']",can you help me carry these bags
I need to go to the bank before it closes.,english,manual_collection,2026-03-15,"['i', 'need', 'to', 'go', 'to', 'the', 'bank', 'before', 'it', 'closes']",i need to go to the bank before it closes
What time does the bus usually arrive?,english,manual_collection,2026-03-15,"['what', 'time', 'does', 'the', 'bus', 'usually', 'arrive']",what time does the bus usually arrive
I'm feeling a bit tired after work today.,english,manual_collection,2026-03-15,"['im', 'feeling', 'a', 'bit', 'tired', 'after', 'work', 'today']",im feeling a bit tired after work today
Let's meet for coffee tomorrow morning.,english,manual_collection,2026-03-15,"['lets', 'meet', 'for', 'coffee', 'tomorrow', 'morning']",lets meet for coffee tomorrow morning
The food at that restaurant is delicious.,english,manual_collection,2026-03-15,"['the', 'food', 'at', 'that', 'restaurant', 'is', 'delicious']",the food at that restaurant is delicious
I'll call you when I get home.,english,manual_collection,2026-03-15,"['ill', 'call', 'you', 'when', 'i', 'get', 'home']",ill call you when i get home
Please wait for me at the entrance.,english,manual_collection,2026-03-15,"['please', 'wait', 'for', 'me', 'at', 'the', 'entrance']",please wait for me at the entrance
Where is the nearest supermarket?,english,manual_collection,2026-03-15,"['where', 'is', 'the', 'nearest', 'supermarket']",where is the nearest supermarket
How much does this cost?,english,manual_collection,2026-03-15,"['how', 'much', 'does', 'this', 'cost']",how much does this cost
Do you know what time it is?,english,manual_collection,2026-03-15,"['do', 'you', 'know', 'what', 'time', 'it', 'is']",do you know what time it is
Can you tell me how to get to town?,english,manual_collection,2026-03-15,"['can', 'you', 'tell', 'me', 'how', 'to', 'get', 'to', 'town']",can you tell me how to get to town
What is your favorite type of food?,english,manual_collection,2026-03-15,"['what', 'is', 'your', 'favorite', 'type', 'of', 'food']",what is your favorite type of food
When is your birthday?,english,manual_collection,2026-03-15,"['when', 'is', 'your', 'birthday']",when is your birthday
How long have you lived here?,english,manual_collection,2026-03-15,"['how', 'long', 'have', 'you', 'lived', 'here']",how long have you lived here
Why did you decide to learn English?,english,manual_collection,2026-03-15,"['why', 'did', 'you', 'decide', 'to', 'learn', 'english']",why did you decide to learn english
I work at a technology company in the city.,english,manual_collection,2026-03-15,"['i', 'work', 'at', 'a', 'technology', 'company', 'in', 'the', 'city']",i work at a technology company in the city
She studies at the University of Nairobi.,english,manual_collection,2026-03-15,"['she', 'studies', 'at', 'the', 'university', 'of', 'nairobi']",she studies at the university of nairobi
They live in a small apartment near the park.,english,manual_collection,2026-03-15,"['they', 'live', 'in', 'a', 'small', 'apartment', 'near', 'the', 'park']",they live in a small apartment near the park
We usually eat dinner together as a family.,english,manual_collection,2026-03-15,"['we', 'usually', 'eat', 'dinner', 'together', 'as', 'a', 'family']",we usually eat dinner together as a family
He drives to work every morning.,english,manual_collection,2026-03-15,"['he', 'drives', 'to', 'work', 'every', 'morning']",he drives to work every morning
The children play football after school.,english,manual_collection,2026-03-15,"['the', 'children', 'play', 'football', 'after', 'school']",the children play football after school
I read the news on my phone every morning.,english,manual_collection,2026-03-15,"['i', 'read', 'the', 'news', 'on', 'my', 'phone', 'every', 'morning']",i read the news on my phone every morning
She listens to music while cooking.,english,manual_collection,2026-03-15,"['she', 'listens', 'to', 'music', 'while', 'cooking']",she listens to music while cooking
I think this movie is very interesting.,english,manual_collection,2026-03-15,"['i', 'think', 'this', 'movie', 'is', 'very', 'interesting']",i think this movie is very interesting
I feel happy when I'm with my friends.,english,manual_collection,2026-03-15,"['i', 'feel', 'happy', 'when', 'im', 'with', 'my', 'friends']",i feel happy when im with my friends
That's a great idea! Let's do it.,english,manual_collection,2026-03-15,"['thats', 'a', 'great', 'idea', 'lets', 'do', 'it']",thats a great idea lets do it
I'm not sure about that plan.,english,manual_collection,2026-03-15,"['im', 'not', 'sure', 'about', 'that', 'plan']",im not sure about that plan
I completely agree with what you said.,english,manual_collection,2026-03-15,"['i', 'completely', 'agree', 'with', 'what', 'you', 'said']",i completely agree with what you said
"I'm sorry, I can't make it to the party.",english,manual_collection,2026-03-15,"['im', 'sorry', 'i', 'cant', 'make', 'it', 'to', 'the', 'party']",im sorry i cant make it to the party
That sounds like a wonderful experience.,english,manual_collection,2026-03-15,"['that', 'sounds', 'like', 'a', 'wonderful', 'experience']",that sounds like a wonderful experience
I'm looking forward to the weekend.,english,manual_collection,2026-03-15,"['im', 'looking', 'forward', 'to', 'the', 'weekend']",im looking forward to the weekend
The house has a beautiful garden with flowers.,english,manual_collection,2026-03-15,"['the', 'house', 'has', 'a', 'beautiful', 'garden', 'with', 'flowers']",the house has a beautiful garden with flowers
My car is blue and quite old but reliable.,english,manual_collection,2026-03-15,"['my', 'car', 'is', 'blue', 'and', 'quite', 'old', 'but', 'reliable']",my car is blue and quite old but reliable
She's wearing a nice red dress today.,english,manual_collection,2026-03-15,"['shes', 'wearing', 'a', 'nice', 'red', 'dress', 'today']",shes wearing a nice red dress today
The weather is cold and rainy this morning.,english,manual_collection,2026-03-15,"['the', 'weather', 'is', 'cold', 'and', 'rainy', 'this', 'morning']",the weather is cold and rainy this morning
It's a sunny day with clear blue skies.,english,manual_collection,2026-03-15,"['its', 'a', 'sunny', 'day', 'with', 'clear', 'blue', 'skies']",its a sunny day with clear blue skies
The food smells delicious. What are you cooking?,english,manual_collection,2026-03-15,"['the', 'food', 'smells', 'delicious', 'what', 'are', 'you', 'cooking']",the food smells delicious what are you cooking
Could you please pass me the salt?,english,manual_collection,2026-03-15,"['could', 'you', 'please', 'pass', 'me', 'the', 'salt']",could you please pass me the salt
Would you like some tea or coffee?,english,manual_collection,2026-03-15,"['would', 'you', 'like', 'some', 'tea', 'or', 'coffee']",would you like some tea or coffee
Can I help you with anything?,english,manual_collection,2026-03-15,"['can', 'i', 'help', 'you', 'with', 'anything']",can i help you with anything
Please send me the document by email.,english,manual_collection,2026-03-15,"['please', 'send', 'me', 'the', 'document', 'by', 'email']",please send me the document by email
Would you mind opening the window?,english,manual_collection,2026-03-15,"['would', 'you', 'mind', 'opening', 'the', 'window']",would you mind opening the window
"I'd like to order a cup of coffee, please.",english,manual_collection,2026-03-15,"['id', 'like', 'to', 'order', 'a', 'cup', 'of', 'coffee', 'please']",id like to order a cup of coffee please
The meeting starts at 10 o'clock tomorrow.,english,manual_collection,2026-03-15,"['the', 'meeting', 'starts', 'at', '10', 'oclock', 'tomorrow']",the meeting starts at 10 oclock tomorrow
We're going to the beach this weekend.,english,manual_collection,2026-03-15,"['were', 'going', 'to', 'the', 'beach', 'this', 'weekend']",were going to the beach this weekend
I have a doctor's appointment next week.,english,manual_collection,2026-03-15,"['i', 'have', 'a', 'doctors', 'appointment', 'next', 'week']",i have a doctors appointment next week
She's planning to visit her parents soon.,english,manual_collection,2026-03-15,"['shes', 'planning', 'to', 'visit', 'her', 'parents', 'soon']",shes planning to visit her parents soon
They're getting married next month.,english,manual_collection,2026-03-15,"['theyre', 'getting', 'married', 'next', 'month']",theyre getting married next month
I'll finish this project by Friday.,english,manual_collection,2026-03-15,"['ill', 'finish', 'this', 'project', 'by', 'friday']",ill finish this project by friday
I'll send you a message on WhatsApp.,english,manual_collection,2026-03-15,"['ill', 'send', 'you', 'a', 'message', 'on', 'whatsapp']",ill send you a message on whatsapp
My phone battery is almost dead.,english,manual_collection,2026-03-15,"['my', 'phone', 'battery', 'is', 'almost', 'dead']",my phone battery is almost dead
The internet connection is very slow today.,english,manual_collection,2026-03-15,"['the', 'internet', 'connection', 'is', 'very', 'slow', 'today']",the internet connection is very slow today
Have you seen my charger anywhere?,english,manual_collection,2026-03-15,"['have', 'you', 'seen', 'my', 'charger', 'anywhere']",have you seen my charger anywhere
I need to check my email quickly.,english,manual_collection,2026-03-15,"['i', 'need', 'to', 'check', 'my', 'email', 'quickly']",i need to check my email quickly
Can you take a photo with my phone?,english,manual_collection,2026-03-15,"['can', 'you', 'take', 'a', 'photo', 'with', 'my', 'phone']",can you take a photo with my phone
How much is this shirt?,english,manual_collection,2026-03-15,"['how', 'much', 'is', 'this', 'shirt']",how much is this shirt
Do you accept credit cards?,english,manual_collection,2026-03-15,"['do', 'you', 'accept', 'credit', 'cards']",do you accept credit cards
"I'm just looking around, thank you.",english,manual_collection,2026-03-15,"['im', 'just', 'looking', 'around', 'thank', 'you']",im just looking around thank you
That's too expensive for me.,english,manual_collection,2026-03-15,"['thats', 'too', 'expensive', 'for', 'me']",thats too expensive for me
Is there a discount on this item?,english,manual_collection,2026-03-15,"['is', 'there', 'a', 'discount', 'on', 'this', 'item']",is there a discount on this item
I'd like to return this product.,english,manual_collection,2026-03-15,"['id', 'like', 'to', 'return', 'this', 'product']",id like to return this product
I have a headache. Do you have any medicine?,english,manual_collection,2026-03-15,"['i', 'have', 'a', 'headache', 'do', 'you', 'have', 'any', 'medicine']",i have a headache do you have any medicine
You should drink plenty of water.,english,manual_collection,2026-03-15,"['you', 'should', 'drink', 'plenty', 'of', 'water']",you should drink plenty of water
I need to exercise more often.,english,manual_collection,2026-03-15,"['i', 'need', 'to', 'exercise', 'more', 'often']",i need to exercise more often
She went to see a doctor yesterday.,english,manual_collection,2026-03-15,"['she', 'went', 'to', 'see', 'a', 'doctor', 'yesterday']",she went to see a doctor yesterday
Get well soon! We miss you at work.,english,manual_collection,2026-03-15,"['get', 'well', 'soon', 'we', 'miss', 'you', 'at', 'work']",get well soon we miss you at work
I'm learning how to speak English.,english,manual_collection,2026-03-15,"['im', 'learning', 'how', 'to', 'speak', 'english']",im learning how to speak english
She's studying to become a teacher.,english,manual_collection,2026-03-15,"['shes', 'studying', 'to', 'become', 'a', 'teacher']",shes studying to become a teacher
The exam was more difficult than I expected.,english,manual_collection,2026-03-15,"['the', 'exam', 'was', 'more', 'difficult', 'than', 'i', 'expected']",the exam was more difficult than i expected
I need to finish my homework before tomorrow.,english,manual_collection,2026-03-15,"['i', 'need', 'to', 'finish', 'my', 'homework', 'before', 'tomorrow']",i need to finish my homework before tomorrow
He graduated from university last year.,english,manual_collection,2026-03-15,"['he', 'graduated', 'from', 'university', 'last', 'year']",he graduated from university last year
How long does it take to get to Mombasa?,english,manual_collection,2026-03-15,"['how', 'long', 'does', 'it', 'take', 'to', 'get', 'to', 'mombasa']",how long does it take to get to mombasa
I prefer traveling by train.,english,manual_collection,2026-03-15,"['i', 'prefer', 'traveling', 'by', 'train']",i prefer traveling by train
The traffic is terrible during rush hour.,english,manual_collection,2026-03-15,"['the', 'traffic', 'is', 'terrible', 'during', 'rush', 'hour']",the traffic is terrible during rush hour
We need to book our tickets in advance.,english,manual_collection,2026-03-15,"['we', 'need', 'to', 'book', 'our', 'tickets', 'in', 'advance']",we need to book our tickets in advance
Is this seat taken?,english,manual_collection,2026-03-15,"['is', 'this', 'seat', 'taken']",is this seat taken
What time is the next bus to town?,english,manual_collection,2026-03-15,"['what', 'time', 'is', 'the', 'next', 'bus', 'to', 'town']",what time is the next bus to town
It's raining heavily outside.,english,manual_collection,2026-03-15,"['its', 'raining', 'heavily', 'outside']",its raining heavily outside
The sun is shining brightly today.,english,manual_collection,2026-03-15,"['the', 'sun', 'is', 'shining', 'brightly', 'today']",the sun is shining brightly today
I think it might snow in the mountains.,english,manual_collection,2026-03-15,"['i', 'think', 'it', 'might', 'snow', 'in', 'the', 'mountains']",i think it might snow in the mountains
The wind is very strong this evening.,english,manual_collection,2026-03-15,"['the', 'wind', 'is', 'very', 'strong', 'this', 'evening']",the wind is very strong this evening
What's the weather forecast for tomorrow?,english,manual_collection,2026-03-15,"['whats', 'the', 'weather', 'forecast', 'for', 'tomorrow']",whats the weather forecast for tomorrow
I have two brothers and one sister.,english,manual_collection,2026-03-15,"['i', 'have', 'two', 'brothers', 'and', 'one', 'sister']",i have two brothers and one sister
My mother is a teacher at a local school.,english,manual_collection,2026-03-15,"['my', 'mother', 'is', 'a', 'teacher', 'at', 'a', 'local', 'school']",my mother is a teacher at a local school
We're having a family gathering on Sunday.,english,manual_collection,2026-03-15,"['were', 'having', 'a', 'family', 'gathering', 'on', 'sunday']",were having a family gathering on sunday
She's my best friend from childhood.,english,manual_collection,2026-03-15,"['shes', 'my', 'best', 'friend', 'from', 'childhood']",shes my best friend from childhood
Do you have any children?,english,manual_collection,2026-03-15,"['do', 'you', 'have', 'any', 'children']",do you have any children
My father works as a farmer.,english,manual_collection,2026-03-15,"['my', 'father', 'works', 'as', 'a', 'farmer']",my father works as a farmer
What do you do for a living?,english,manual_collection,2026-03-15,"['what', 'do', 'you', 'do', 'for', 'a', 'living']",what do you do for a living
I work as a software developer.,english,manual_collection,2026-03-15,"['i', 'work', 'as', 'a', 'software', 'developer']",i work as a software developer
She got promoted to manager last month.,english,manual_collection,2026-03-15,"['she', 'got', 'promoted', 'to', 'manager', 'last', 'month']",she got promoted to manager last month
I'm looking for a new job opportunity.,english,manual_collection,2026-03-15,"['im', 'looking', 'for', 'a', 'new', 'job', 'opportunity']",im looking for a new job opportunity
The company is hiring new staff.,english,manual_collection,2026-03-15,"['the', 'company', 'is', 'hiring', 'new', 'staff']",the company is hiring new staff
I enjoy reading books in my free time.,english,manual_collection,2026-03-15,"['i', 'enjoy', 'reading', 'books', 'in', 'my', 'free', 'time']",i enjoy reading books in my free time
She loves watching football matches.,english,manual_collection,2026-03-15,"['she', 'loves', 'watching', 'football', 'matches']",she loves watching football matches
We go hiking every weekend.,english,manual_collection,2026-03-15,"['we', 'go', 'hiking', 'every', 'weekend']",we go hiking every weekend
He plays the guitar in a band.,english,manual_collection,2026-03-15,"['he', 'plays', 'the', 'guitar', 'in', 'a', 'band']",he plays the guitar in a band
I'm interested in learning photography.,english,manual_collection,2026-03-15,"['im', 'interested', 'in', 'learning', 'photography']",im interested in learning photography
I need help! There's been an accident.,english,manual_collection,2026-03-15,"['i', 'need', 'help', 'theres', 'been', 'an', 'accident']",i need help theres been an accident
Please call an ambulance immediately.,english,manual_collection,2026-03-15,"['please', 'call', 'an', 'ambulance', 'immediately']",please call an ambulance immediately
Where is the nearest hospital?,english,manual_collection,2026-03-15,"['where', 'is', 'the', 'nearest', 'hospital']",where is the nearest hospital
I've lost my passport. What should I do?,english,manual_collection,2026-03-15,"['ive', 'lost', 'my', 'passport', 'what', 'should', 'i', 'do']",ive lost my passport what should i do
Someone stole my phone on the bus.,english,manual_collection,2026-03-15,"['someone', 'stole', 'my', 'phone', 'on', 'the', 'bus']",someone stole my phone on the bus
Why do she hate art?,english,manual_collection,2026-03-15,"['why', 'do', 'she', 'hate', 'art']",why do she hate art
The teacher think to food at night.,english,manual_collection,2026-03-15,"['the', 'teacher', 'think', 'to', 'food', 'at', 'night']",the teacher think to food at night
They understand to coffee often.,english,manual_collection,2026-03-15,"['they', 'understand', 'to', 'coffee', 'often']",they understand to coffee often
I want art rarely.,english,manual_collection,2026-03-15,"['i', 'want', 'art', 'rarely']",i want art rarely
Why do i prefer movies?,english,manual_collection,2026-03-15,"['why', 'do', 'i', 'prefer', 'movies']",why do i prefer movies
I prefer music rarely.,english,manual_collection,2026-03-15,"['i', 'prefer', 'music', 'rarely']",i prefer music rarely
Why do she think books?,english,manual_collection,2026-03-15,"['why', 'do', 'she', 'think', 'books']",why do she think books
They enjoy books often.,english,manual_collection,2026-03-15,"['they', 'enjoy', 'books', 'often']",they enjoy books often
Everyone enjoy music at night.,english,manual_collection,2026-03-15,"['everyone', 'enjoy', 'music', 'at', 'night']",everyone enjoy music at night
They enjoy movies rarely.,english,manual_collection,2026-03-15,"['they', 'enjoy', 'movies', 'rarely']",they enjoy movies rarely
Why do we love nature?,english,manual_collection,2026-03-15,"['why', 'do', 'we', 'love', 'nature']",why do we love nature
Do you enjoy art?,english,manual_collection,2026-03-15,"['do', 'you', 'enjoy', 'art']",do you enjoy art
Why do my friend believe sports?,english,manual_collection,2026-03-15,"['why', 'do', 'my', 'friend', 'believe', 'sports']",why do my friend believe sports
He understand to nature rarely.,english,manual_collection,2026-03-15,"['he', 'understand', 'to', 'nature', 'rarely']",he understand to nature rarely
Do you need nature?,english,manual_collection,2026-03-15,"['do', 'you', 'need', 'nature']",do you need nature
I love sports tomorrow.,english,manual_collection,2026-03-15,"['i', 'love', 'sports', 'tomorrow']",i love sports tomorrow
Why do i believe food?,english,manual_collection,2026-03-15,"['why', 'do', 'i', 'believe', 'food']",why do i believe food
Do you love food?,english,manual_collection,2026-03-15,"['do', 'you', 'love', 'food']",do you love food
Do you love travel?,english,manual_collection,2026-03-15,"['do', 'you', 'love', 'travel']",do you love travel
Do you understand books?,english,manual_collection,2026-03-15,"['do', 'you', 'understand', 'books']",do you understand books
The teacher understand nature today.,english,manual_collection,2026-03-15,"['the', 'teacher', 'understand', 'nature', 'today']",the teacher understand nature today
Do you like tea?,english,manual_collection,2026-03-15,"['do', 'you', 'like', 'tea']",do you like tea
Why do i enjoy coffee?,english,manual_collection,2026-03-15,"['why', 'do', 'i', 'enjoy', 'coffee']",why do i enjoy coffee
Everyone understand music every day.,english,manual_collection,2026-03-15,"['everyone', 'understand', 'music', 'every', 'day']",everyone understand music every day
Why do my friend believe travel?,english,manual_collection,2026-03-15,"['why', 'do', 'my', 'friend', 'believe', 'travel']",why do my friend believe travel
Why do she believe movies?,english,manual_collection,2026-03-15,"['why', 'do', 'she', 'believe', 'movies']",why do she believe movies
Do you need music?,english,manual_collection,2026-03-15,"['do', 'you', 'need', 'music']",do you need music
Do you think coffee?,english,manual_collection,2026-03-15,"['do', 'you', 'think', 'coffee']",do you think coffee
She hate to food often.,english,manual_collection,2026-03-15,"['she', 'hate', 'to', 'food', 'often']",she hate to food often
They understand to tea today.,english,manual_collection,2026-03-15,"['they', 'understand', 'to', 'tea', 'today']",they understand to tea today
Why do i need tea?,english,manual_collection,2026-03-15,"['why', 'do', 'i', 'need', 'tea']",why do i need tea
Do you prefer tea?,english,manual_collection,2026-03-15,"['do', 'you', 'prefer', 'tea']",do you prefer tea
The children believe to art in the morning.,english,manual_collection,2026-03-15,"['the', 'children', 'believe', 'to', 'art', 'in', 'the', 'morning']",the children believe to art in the morning
They love music tomorrow.,english,manual_collection,2026-03-15,"['they', 'love', 'music', 'tomorrow']",they love music tomorrow
My friend think to sports every day.,english,manual_collection,2026-03-15,"['my', 'friend', 'think', 'to', 'sports', 'every', 'day']",my friend think to sports every day
The children need travel rarely.,english,manual_collection,2026-03-15,"['the', 'children', 'need', 'travel', 'rarely']",the children need travel rarely
Do you need sports?,english,manual_collection,2026-03-15,"['do', 'you', 'need', 'sports']",do you need sports
Do you love travel?,english,manual_collection,2026-03-15,"['do', 'you', 'love', 'travel']",do you love travel
Why do she enjoy music?,english,manual_collection,2026-03-15,"['why', 'do', 'she', 'enjoy', 'music']",why do she enjoy music
You love to movies sometimes.,english,manual_collection,2026-03-15,"['you', 'love', 'to', 'movies', 'sometimes']",you love to movies sometimes
Do you like movies?,english,manual_collection,2026-03-15,"['do', 'you', 'like', 'movies']",do you like movies
The children enjoy coffee at night.,english,manual_collection,2026-03-15,"['the', 'children', 'enjoy', 'coffee', 'at', 'night']",the children enjoy coffee at night
Why do they understand travel?,english,manual_collection,2026-03-15,"['why', 'do', 'they', 'understand', 'travel']",why do they understand travel
Why do she like movies?,english,manual_collection,2026-03-15,"['why', 'do', 'she', 'like', 'movies']",why do she like movies
Do you need movies?,english,manual_collection,2026-03-15,"['do', 'you', 'need', 'movies']",do you need movies
He like to sports rarely.,english,manual_collection,2026-03-15,"['he', 'like', 'to', 'sports', 'rarely']",he like to sports rarely
Do you love food?,english,manual_collection,2026-03-15,"['do', 'you', 'love', 'food']",do you love food
You like to music tomorrow.,english,manual_collection,2026-03-15,"['you', 'like', 'to', 'music', 'tomorrow']",you like to music tomorrow
Why do you enjoy books?,english,manual_collection,2026-03-15,"['why', 'do', 'you', 'enjoy', 'books']",why do you enjoy books
We enjoy nature tomorrow.,english,manual_collection,2026-03-15,"['we', 'enjoy', 'nature', 'tomorrow']",we enjoy nature tomorrow
We think to coffee rarely.,english,manual_collection,2026-03-15,"['we', 'think', 'to', 'coffee', 'rarely']",we think to coffee rarely
Do you need music?,english,manual_collection,2026-03-15,"['do', 'you', 'need', 'music']",do you need music
Why do they believe food?,english,manual_collection,2026-03-15,"['why', 'do', 'they', 'believe', 'food']",why do they believe food
He hate to coffee sometimes.,english,manual_collection,2026-03-15,"['he', 'hate', 'to', 'coffee', 'sometimes']",he hate to coffee sometimes
Do you need books?,english,manual_collection,2026-03-15,"['do', 'you', 'need', 'books']",do you need books
He understand music every day.,english,manual_collection,2026-03-15,"['he', 'understand', 'music', 'every', 'day']",he understand music every day
Why do i prefer art?,english,manual_collection,2026-03-15,"['why', 'do', 'i', 'prefer', 'art']",why do i prefer art
Why do everyone hate music?,english,manual_collection,2026-03-15,"['why', 'do', 'everyone', 'hate', 'music']",why do everyone hate music
My friend love tea often.,english,manual_collection,2026-03-15,"['my', 'friend', 'love', 'tea', 'often']",my friend love tea often
We love food often.,english,manual_collection,2026-03-15,"['we', 'love', 'food', 'often']",we love food often
We like coffee tomorrow.,english,manual_collection,2026-03-15,"['we', 'like', 'coffee', 'tomorrow']",we like coffee tomorrow
Everyone understand to tea sometimes.,english,manual_collection,2026-03-15,"['everyone', 'understand', 'to', 'tea', 'sometimes']",everyone understand to tea sometimes
Why do they enjoy coffee?,english,manual_collection,2026-03-15,"['why', 'do', 'they', 'enjoy', 'coffee']",why do they enjoy coffee
The teacher love art in the morning.,english,manual_collection,2026-03-15,"['the', 'teacher', 'love', 'art', 'in', 'the', 'morning']",the teacher love art in the morning
Why do i enjoy coffee?,english,manual_collection,2026-03-15,"['why', 'do', 'i', 'enjoy', 'coffee']",why do i enjoy coffee
Do you love sports?,english,manual_collection,2026-03-15,"['do', 'you', 'love', 'sports']",do you love sports
My friend love to tea often.,english,manual_collection,2026-03-15,"['my', 'friend', 'love', 'to', 'tea', 'often']",my friend love to tea often
Why do i prefer tea?,english,manual_collection,2026-03-15,"['why', 'do', 'i', 'prefer', 'tea']",why do i prefer tea
Do you believe tea?,english,manual_collection,2026-03-15,"['do', 'you', 'believe', 'tea']",do you believe tea
She want to movies every day.,english,manual_collection,2026-03-15,"['she', 'want', 'to', 'movies', 'every', 'day']",she want to movies every day
Why do my friend prefer tea?,english,manual_collection,2026-03-15,"['why', 'do', 'my', 'friend', 'prefer', 'tea']",why do my friend prefer tea
My friend need coffee in the morning.,english,manual_collection,2026-03-15,"['my', 'friend', 'need', 'coffee', 'in', 'the', 'morning']",my friend need coffee in the morning
My friend think music often.,english,manual_collection,2026-03-15,"['my', 'friend', 'think', 'music', 'often']",my friend think music often
Do you understand food?,english,manual_collection,2026-03-15,"['do', 'you', 'understand', 'food']",do you understand food
They understand music every day.,english,manual_collection,2026-03-15,"['they', 'understand', 'music', 'every', 'day']",they understand music every day
We like music at night.,english,manual_collection,2026-03-15,"['we', 'like', 'music', 'at', 'night']",we like music at night
Do you enjoy tea?,english,manual_collection,2026-03-15,"['do', 'you', 'enjoy', 'tea']",do you enjoy tea
My friend believe sports tomorrow.,english,manual_collection,2026-03-15,"['my', 'friend', 'believe', 'sports', 'tomorrow']",my friend believe sports tomorrow
Do you like tea?,english,manual_collection,2026-03-15,"['do', 'you', 'like', 'tea']",do you like tea
The teacher believe travel sometimes.,english,manual_collection,2026-03-15,"['the', 'teacher', 'believe', 'travel', 'sometimes']",the teacher believe travel sometimes
Why do i prefer food?,english,manual_collection,2026-03-15,"['why', 'do', 'i', 'prefer', 'food']",why do i prefer food
I need food tomorrow.,english,manual_collection,2026-03-15,"['i', 'need', 'food', 'tomorrow']",i need food tomorrow
Do you believe art?,english,manual_collection,2026-03-15,"['do', 'you', 'believe', 'art']",do you believe art
The children like to art often.,english,manual_collection,2026-03-15,"['the', 'children', 'like', 'to', 'art', 'often']",the children like to art often
We want music today.,english,manual_collection,2026-03-15,"['we', 'want', 'music', 'today']",we want music today
Do you think food?,english,manual_collection,2026-03-15,"['do', 'you', 'think', 'food']",do you think food
They love music today.,english,manual_collection,2026-03-15,"['they', 'love', 'music', 'today']",they love music today
My friend need to music sometimes.,english,manual_collection,2026-03-15,"['my', 'friend', 'need', 'to', 'music', 'sometimes']",my friend need to music sometimes
Why do the children think books?,english,manual_collection,2026-03-15,"['why', 'do', 'the', 'children', 'think', 'books']",why do the children think books
The teacher hate to sports at night.,english,manual_collection,2026-03-15,"['the', 'teacher', 'hate', 'to', 'sports', 'at', 'night']",the teacher hate to sports at night
They enjoy to movies tomorrow.,english,manual_collection,2026-03-15,"['they', 'enjoy', 'to', 'movies', 'tomorrow']",they enjoy to movies tomorrow
Do you love nature?,english,manual_collection,2026-03-15,"['do', 'you', 'love', 'nature']",do you love nature
Do you believe books?,english,manual_collection,2026-03-15,"['do', 'you', 'believe', 'books']",do you believe books
Why do he prefer sports?,english,manual_collection,2026-03-15,"['why', 'do', 'he', 'prefer', 'sports']",why do he prefer sports
We love to travel at night.,english,manual_collection,2026-03-15,"['we', 'love', 'to', 'travel', 'at', 'night']",we love to travel at night
You prefer to tea rarely.,english,manual_collection,2026-03-15,"['you', 'prefer', 'to', 'tea', 'rarely']",you prefer to tea rarely
Do you believe movies?,english,manual_collection,2026-03-15,"['do', 'you', 'believe', 'movies']",do you believe movies
Everyone love art at night.,english,manual_collection,2026-03-15,"['everyone', 'love', 'art', 'at', 'night']",everyone love art at night
They like to travel in the morning.,english,manual_collection,2026-03-15,"['they', 'like', 'to', 'travel', 'in', 'the', 'morning']",they like to travel in the morning
We prefer movies in the morning.,english,manual_collection,2026-03-15,"['we', 'prefer', 'movies', 'in', 'the', 'morning']",we prefer movies in the morning
The teacher believe movies rarely.,english,manual_collection,2026-03-15,"['the', 'teacher', 'believe', 'movies', 'rarely']",the teacher believe movies rarely
You hate nature tomorrow.,english,manual_collection,2026-03-15,"['you', 'hate', 'nature', 'tomorrow']",you hate nature tomorrow
Do you want music?,english,manual_collection,2026-03-15,"['do', 'you', 'want', 'music']",do you want music
I understand to tea at night.,english,manual_collection,2026-03-15,"['i', 'understand', 'to', 'tea', 'at', 'night']",i understand to tea at night
The teacher hate to nature today.,english,manual_collection,2026-03-15,"['the', 'teacher', 'hate', 'to', 'nature', 'today']",the teacher hate to nature today
My friend think travel every day.,english,manual_collection,2026-03-15,"['my', 'friend', 'think', 'travel', 'every', 'day']",my friend think travel every day
We understand to movies often.,english,manual_collection,2026-03-15,"['we', 'understand', 'to', 'movies', 'often']",we understand to movies often
You hate travel at night.,english,manual_collection,2026-03-15,"['you', 'hate', 'travel', 'at', 'night']",you hate travel at night
She need books sometimes.,english,manual_collection,2026-03-15,"['she', 'need', 'books', 'sometimes']",she need books sometimes
Why do my friend think movies?,english,manual_collection,2026-03-15,"['why', 'do', 'my', 'friend', 'think', 'movies']",why do my friend think movies
My friend love tea at night.,english,manual_collection,2026-03-15,"['my', 'friend', 'love', 'tea', 'at', 'night']",my friend love tea at night
You believe books at night.,english,manual_collection,2026-03-15,"['you', 'believe', 'books', 'at', 'night']",you believe books at night
Everyone understand to movies tomorrow.,english,manual_collection,2026-03-15,"['everyone', 'understand', 'to', 'movies', 'tomorrow']",everyone understand to movies tomorrow
Do you believe music?,english,manual_collection,2026-03-15,"['do', 'you', 'believe', 'music']",do you believe music
She need travel often.,english,manual_collection,2026-03-15,"['she', 'need', 'travel', 'often']",she need travel often
He want food sometimes.,english,manual_collection,2026-03-15,"['he', 'want', 'food', 'sometimes']",he want food sometimes
Why do i love travel?,english,manual_collection,2026-03-15,"['why', 'do', 'i', 'love', 'travel']",why do i love travel
Do you hate sports?,english,manual_collection,2026-03-15,"['do', 'you', 'hate', 'sports']",do you hate sports
They understand nature rarely.,english,manual_collection,2026-03-15,"['they', 'understand', 'nature', 'rarely']",they understand nature rarely
You like to music often.,english,manual_collection,2026-03-15,"['you', 'like', 'to', 'music', 'often']",you like to music often
Why do i want tea?,english,manual_collection,2026-03-15,"['why', 'do', 'i', 'want', 'tea']",why do i want tea
She understand to travel sometimes.,english,manual_collection,2026-03-15,"['she', 'understand', 'to', 'travel', 'sometimes']",she understand to travel sometimes
Everyone love to books sometimes.,english,manual_collection,2026-03-15,"['everyone', 'love', 'to', 'books', 'sometimes']",everyone love to books sometimes
Do you enjoy movies?,english,manual_collection,2026-03-15,"['do', 'you', 'enjoy', 'movies']",do you enjoy movies
The children hate sports rarely.,english,manual_collection,2026-03-15,"['the', 'children', 'hate', 'sports', 'rarely']",the children hate sports rarely
He think to tea at night.,english,manual_collection,2026-03-15,"['he', 'think', 'to', 'tea', 'at', 'night']",he think to tea at night
I think to music tomorrow.,english,manual_collection,2026-03-15,"['i', 'think', 'to', 'music', 'tomorrow']",i think to music tomorrow
Why do she understand movies?,english,manual_collection,2026-03-15,"['why', 'do', 'she', 'understand', 'movies']",why do she understand movies
Why do everyone think music?,english,manual_collection,2026-03-15,"['why', 'do', 'everyone', 'think', 'music']",why do everyone think music
Do you believe nature?,english,manual_collection,2026-03-15,"['do', 'you', 'believe', 'nature']",do you believe nature
She need to movies today.,english,manual_collection,2026-03-15,"['she', 'need', 'to', 'movies', 'today']",she need to movies today
I prefer to art in the morning.,english,manual_collection,2026-03-15,"['i', 'prefer', 'to', 'art', 'in', 'the', 'morning']",i prefer to art in the morning
Everyone believe travel at night.,english,manual_collection,2026-03-15,"['everyone', 'believe', 'travel', 'at', 'night']",everyone believe travel at night
The children understand art tomorrow.,english,manual_collection,2026-03-15,"['the', 'children', 'understand', 'art', 'tomorrow']",the children understand art tomorrow
Why do everyone want travel?,english,manual_collection,2026-03-15,"['why', 'do', 'everyone', 'want', 'travel']",why do everyone want travel
Do you hate sports?,english,manual_collection,2026-03-15,"['do', 'you', 'hate', 'sports']",do you hate sports
She love to food sometimes.,english,manual_collection,2026-03-15,"['she', 'love', 'to', 'food', 'sometimes']",she love to food sometimes
Do you think coffee?,english,manual_collection,2026-03-15,"['do', 'you', 'think', 'coffee']",do you think coffee
You hate books today.,english,manual_collection,2026-03-15,"['you', 'hate', 'books', 'today']",you hate books today
Do you believe art?,english,manual_collection,2026-03-15,"['do', 'you', 'believe', 'art']",do you believe art
Why do we enjoy travel?,english,manual_collection,2026-03-15,"['why', 'do', 'we', 'enjoy', 'travel']",why do we enjoy travel
Why do we understand movies?,english,manual_collection,2026-03-15,"['why', 'do', 'we', 'understand', 'movies']",why do we understand movies
Why do they think nature?,english,manual_collection,2026-03-15,"['why', 'do', 'they', 'think', 'nature']",why do they think nature
Do you love art?,english,manual_collection,2026-03-15,"['do', 'you', 'love', 'art']",do you love art
Do you like coffee?,english,manual_collection,2026-03-15,"['do', 'you', 'like', 'coffee']",do you like coffee
My friend understand art today.,english,manual_collection,2026-03-15,"['my', 'friend', 'understand', 'art', 'today']",my friend understand art today
He believe to movies in the morning.,english,manual_collection,2026-03-15,"['he', 'believe', 'to', 'movies', 'in', 'the', 'morning']",he believe to movies in the morning
They enjoy to movies at night.,english,manual_collection,2026-03-15,"['they', 'enjoy', 'to', 'movies', 'at', 'night']",they enjoy to movies at night
Why do i believe travel?,english,manual_collection,2026-03-15,"['why', 'do', 'i', 'believe', 'travel']",why do i believe travel
Why do you need travel?,english,manual_collection,2026-03-15,"['why', 'do', 'you', 'need', 'travel']",why do you need travel
Habari yako leo?,swahili,manual_collection,2026-03-15,"['habari', 'yako', 'leo']",habari yako leo
Habari za asubuhi?,swahili,manual_collection,2026-03-15,"['habari', 'za', 'asubuhi']",habari za asubuhi
Habari za jioni?,swahili,manual_collection,2026-03-15,"['habari', 'za', 'jioni']",habari za jioni
"Shikamoo, habari za nyumbani?",swahili,manual_collection,2026-03-15,"['shikamoo', 'habari', 'za', 'nyumbani']",shikamoo habari za nyumbani
"Marahaba, nzuri sana.",swahili,manual_collection,2026-03-15,"['marahaba', 'nzuri', 'sana']",marahaba nzuri sana
Jina langu ni Amina. Wewe unaitwa nani?,swahili,manual_collection,2026-03-15,"['jina', 'langu', 'ni', 'amina', 'wewe', 'unaitwa', 'nani']",jina langu ni amina wewe unaitwa nani
Ninatoka Kenya. Wewe unatoka wapi?,swahili,manual_collection,2026-03-15,"['ninatoka', 'kenya', 'wewe', 'unatoka', 'wapi']",ninatoka kenya wewe unatoka wapi
Karibu sana nyumbani kwangu.,swahili,manual_collection,2026-03-15,"['karibu', 'sana', 'nyumbani', 'kwangu']",karibu sana nyumbani kwangu
Asante kwa kukaribisha.,swahili,manual_collection,2026-03-15,"['asante', 'kwa', 'kukaribisha']",asante kwa kukaribisha
Ninafuraha kukutana nawe.,swahili,manual_collection,2026-03-15,"['ninafuraha', 'kukutana', 'nawe']",ninafuraha kukutana nawe
Ninaenda sokoni kununua mboga.,swahili,manual_collection,2026-03-15,"['ninaenda', 'sokoni', 'kununua', 'mboga']",ninaenda sokoni kununua mboga
Umenunua nini sokoni?,swahili,manual_collection,2026-03-15,"['umenunua', 'nini', 'sokoni']",umenunua nini sokoni
"Nimenunua nyanya, vitunguu na kabichi.",swahili,manual_collection,2026-03-15,"['nimenunua', 'nyanya', 'vitunguu', 'na', 'kabichi']",nimenunua nyanya vitunguu na kabichi
Leo jua linawaka sana.,swahili,manual_collection,2026-03-15,"['leo', 'jua', 'linawaka', 'sana']",leo jua linawaka sana
Mvua inanyesha sana nje.,swahili,manual_collection,2026-03-15,"['mvua', 'inanyesha', 'sana', 'nje']",mvua inanyesha sana nje
Unaweza kunisaidia kubeba mfuko huu?,swahili,manual_collection,2026-03-15,"['unaweza', 'kunisaidia', 'kubeba', 'mfuko', 'huu']",unaweza kunisaidia kubeba mfuko huu
Nimechoka leo baada ya kazi.,swahili,manual_collection,2026-03-15,"['nimechoka', 'leo', 'baada', 'ya', 'kazi']",nimechoka leo baada ya kazi
Twende tukanywe kahawa kesho asubuhi.,swahili,manual_collection,2026-03-15,"['twende', 'tukanywe', 'kahawa', 'kesho', 'asubuhi']",twende tukanywe kahawa kesho asubuhi
Chakula cha mchana kiko tayari.,swahili,manual_collection,2026-03-15,"['chakula', 'cha', 'mchana', 'kiko', 'tayari']",chakula cha mchana kiko tayari
Tafadhali niletee maji ya kunywa.,swahili,manual_collection,2026-03-15,"['tafadhali', 'niletee', 'maji', 'ya', 'kunywa']",tafadhali niletee maji ya kunywa
Duka la karibu liko wapi?,swahili,manual_collection,2026-03-15,"['duka', 'la', 'karibu', 'liko', 'wapi']",duka la karibu liko wapi
Hii ni bei gani?,swahili,manual_collection,2026-03-15,"['hii', 'ni', 'bei', 'gani']",hii ni bei gani
Saa ngapi sasa?,swahili,manual_collection,2026-03-15,"['saa', 'ngapi', 'sasa']",saa ngapi sasa
Unaenda wapi?,swahili,manual_collection,2026-03-15,"['unaenda', 'wapi']",unaenda wapi
Unafanya kazi gani?,swahili,manual_collection,2026-03-15,"['unafanya', 'kazi', 'gani']",unafanya kazi gani
Una watoto wangapi?,swahili,manual_collection,2026-03-15,"['una', 'watoto', 'wangapi']",una watoto wangapi
Una umri wa miaka mingapi?,swahili,manual_collection,2026-03-15,"['una', 'umri', 'wa', 'miaka', 'mingapi']",una umri wa miaka mingapi
Kwanini umechelewa leo?,swahili,manual_collection,2026-03-15,"['kwanini', 'umechelewa', 'leo']",kwanini umechelewa leo
Utarudi lini?,swahili,manual_collection,2026-03-15,"['utarudi', 'lini']",utarudi lini
Tutaonana lini tena?,swahili,manual_collection,2026-03-15,"['tutaonana', 'lini', 'tena']",tutaonana lini tena
Nina familia ya watu watano.,swahili,manual_collection,2026-03-15,"['nina', 'familia', 'ya', 'watu', 'watano']",nina familia ya watu watano
Mama yangu ni mwalimu wa shule.,swahili,manual_collection,2026-03-15,"['mama', 'yangu', 'ni', 'mwalimu', 'wa', 'shule']",mama yangu ni mwalimu wa shule
Baba yangu anafanya kazi ya ujenzi.,swahili,manual_collection,2026-03-15,"['baba', 'yangu', 'anafanya', 'kazi', 'ya', 'ujenzi']",baba yangu anafanya kazi ya ujenzi
"Nina ndugu wawili, kaka na dada.",swahili,manual_collection,2026-03-15,"['nina', 'ndugu', 'wawili', 'kaka', 'na', 'dada']",nina ndugu wawili kaka na dada
Dada yangu anaishi Mombasa.,swahili,manual_collection,2026-03-15,"['dada', 'yangu', 'anaishi', 'mombasa']",dada yangu anaishi mombasa
Kaka yangu ameoa na ana watoto wawili.,swahili,manual_collection,2026-03-15,"['kaka', 'yangu', 'ameoa', 'na', 'ana', 'watoto', 'wawili']",kaka yangu ameoa na ana watoto wawili
Bibi yangu ana miaka themanini.,swahili,manual_collection,2026-03-15,"['bibi', 'yangu', 'ana', 'miaka', 'themanini']",bibi yangu ana miaka themanini
Babu yangu alikuwa mkulima.,swahili,manual_collection,2026-03-15,"['babu', 'yangu', 'alikuwa', 'mkulima']",babu yangu alikuwa mkulima
Umekwisha kula?,swahili,manual_collection,2026-03-15,"['umekwisha', 'kula']",umekwisha kula
"Nina njaa sana, nataka kula.",swahili,manual_collection,2026-03-15,"['nina', 'njaa', 'sana', 'nataka', 'kula']",nina njaa sana nataka kula
Chakula cha leo ni ugali na nyama.,swahili,manual_collection,2026-03-15,"['chakula', 'cha', 'leo', 'ni', 'ugali', 'na', 'nyama']",chakula cha leo ni ugali na nyama
Napenda kula sukuma wiki na ugali.,swahili,manual_collection,2026-03-15,"['napenda', 'kula', 'sukuma', 'wiki', 'na', 'ugali']",napenda kula sukuma wiki na ugali
Hii chai ni tamu sana.,swahili,manual_collection,2026-03-15,"['hii', 'chai', 'ni', 'tamu', 'sana']",hii chai ni tamu sana
Una mikate? Ningependa kununua.,swahili,manual_collection,2026-03-15,"['una', 'mikate', 'ningependa', 'kununua']",una mikate ningependa kununua
Tafadhali niongezee chai.,swahili,manual_collection,2026-03-15,"['tafadhali', 'niongezee', 'chai']",tafadhali niongezee chai
Chakula kimeiva? Nina njaa.,swahili,manual_collection,2026-03-15,"['chakula', 'kimeiva', 'nina', 'njaa']",chakula kimeiva nina njaa
Hii ndizi ni bei gani?,swahili,manual_collection,2026-03-15,"['hii', 'ndizi', 'ni', 'bei', 'gani']",hii ndizi ni bei gani
Nataka kununua maziwa na mkate.,swahili,manual_collection,2026-03-15,"['nataka', 'kununua', 'maziwa', 'na', 'mkate']",nataka kununua maziwa na mkate
Bei ya nyanya imepanda leo.,swahili,manual_collection,2026-03-15,"['bei', 'ya', 'nyanya', 'imepanda', 'leo']",bei ya nyanya imepanda leo
Naweza kupunguziwa bei?,swahili,manual_collection,2026-03-15,"['naweza', 'kupunguziwa', 'bei']",naweza kupunguziwa bei
"Hii ni ghali sana, naweza kupata rahisi?",swahili,manual_collection,2026-03-15,"['hii', 'ni', 'ghali', 'sana', 'naweza', 'kupata', 'rahisi']",hii ni ghali sana naweza kupata rahisi
Nipe kilo moja ya maharage.,swahili,manual_collection,2026-03-15,"['nipe', 'kilo', 'moja', 'ya', 'maharage']",nipe kilo moja ya maharage
Asante kwa biashara.,swahili,manual_collection,2026-03-15,"['asante', 'kwa', 'biashara']",asante kwa biashara
Unaenda kazini?,swahili,manual_collection,2026-03-15,"['unaenda', 'kazini']",unaenda kazini
Ninafanya kazi benki ya KCB.,swahili,manual_collection,2026-03-15,"['ninafanya', 'kazi', 'benki', 'ya', 'kcb']",ninafanya kazi benki ya kcb
Anasoma chuo kikuu cha Nairobi.,swahili,manual_collection,2026-03-15,"['anasoma', 'chuo', 'kikuu', 'cha', 'nairobi']",anasoma chuo kikuu cha nairobi
Mtihani ulikuwa mgumu sana.,swahili,manual_collection,2026-03-15,"['mtihani', 'ulikuwa', 'mgumu', 'sana']",mtihani ulikuwa mgumu sana
Nahitaji kumaliza kazi yangu kesho.,swahili,manual_collection,2026-03-15,"['nahitaji', 'kumaliza', 'kazi', 'yangu', 'kesho']",nahitaji kumaliza kazi yangu kesho
Mkurugenzi anataka kukuona.,swahili,manual_collection,2026-03-15,"['mkurugenzi', 'anataka', 'kukuona']",mkurugenzi anataka kukuona
Nina homa na kikohozi.,swahili,manual_collection,2026-03-15,"['nina', 'homa', 'na', 'kikohozi']",nina homa na kikohozi
Umeona daktari?,swahili,manual_collection,2026-03-15,"['umeona', 'daktari']",umeona daktari
Nipe dawa ya kichwa.,swahili,manual_collection,2026-03-15,"['nipe', 'dawa', 'ya', 'kichwa']",nipe dawa ya kichwa
Jihadhari na ugonjwa huu.,swahili,manual_collection,2026-03-15,"['jihadhari', 'na', 'ugonjwa', 'huu']",jihadhari na ugonjwa huu
Pumzika na unywe maji mengi.,swahili,manual_collection,2026-03-15,"['pumzika', 'na', 'unywe', 'maji', 'mengi']",pumzika na unywe maji mengi
Ninaenda hospitali kumwona daktari.,swahili,manual_collection,2026-03-15,"['ninaenda', 'hospitali', 'kumwona', 'daktari']",ninaenda hospitali kumwona daktari
Basi la kwenda Mombasa linatoka saa ngapi?,swahili,manual_collection,2026-03-15,"['basi', 'la', 'kwenda', 'mombasa', 'linatoka', 'saa', 'ngapi']",basi la kwenda mombasa linatoka saa ngapi
Nauli ni shilingi ngapi?,swahili,manual_collection,2026-03-15,"['nauli', 'ni', 'shilingi', 'ngapi']",nauli ni shilingi ngapi
Nataka tiketi ya kwenda Kisumu.,swahili,manual_collection,2026-03-15,"['nataka', 'tiketi', 'ya', 'kwenda', 'kisumu']",nataka tiketi ya kwenda kisumu
Safari njema!,swahili,manual_collection,2026-03-15,"['safari', 'njema']",safari njema
Umesafiri kwa ndege au basi?,swahili,manual_collection,2026-03-15,"['umesafiri', 'kwa', 'ndege', 'au', 'basi']",umesafiri kwa ndege au basi
Hotel iko mbali na uwanja wa ndege?,swahili,manual_collection,2026-03-15,"['hotel', 'iko', 'mbali', 'na', 'uwanja', 'wa', 'ndege']",hotel iko mbali na uwanja wa ndege
"Leo ni Jumamosi, siku ya kupumzika.",swahili,manual_collection,2026-03-15,"['leo', 'ni', 'jumamosi', 'siku', 'ya', 'kupumzika']",leo ni jumamosi siku ya kupumzika
"Kesho ni Jumapili, twende kanisani.",swahili,manual_collection,2026-03-15,"['kesho', 'ni', 'jumapili', 'twende', 'kanisani']",kesho ni jumapili twende kanisani
Jana kulikuwa na dharuba kali.,swahili,manual_collection,2026-03-15,"['jana', 'kulikuwa', 'na', 'dharuba', 'kali']",jana kulikuwa na dharuba kali
Hali ya hewa leo ni nzuri.,swahili,manual_collection,2026-03-15,"['hali', 'ya', 'hewa', 'leo', 'ni', 'nzuri']",hali ya hewa leo ni nzuri
Kuna upepo mkali leo.,swahili,manual_collection,2026-03-15,"['kuna', 'upepo', 'mkali', 'leo']",kuna upepo mkali leo
Jua linatua saa sita jioni.,swahili,manual_collection,2026-03-15,"['jua', 'linatua', 'saa', 'sita', 'jioni']",jua linatua saa sita jioni
Nina furaha leo sana.,swahili,manual_collection,2026-03-15,"['nina', 'furaha', 'leo', 'sana']",nina furaha leo sana
Nina huzuni baada ya kusikia habari hizo.,swahili,manual_collection,2026-03-15,"['nina', 'huzuni', 'baada', 'ya', 'kusikia', 'habari', 'hizo']",nina huzuni baada ya kusikia habari hizo
Nina hamu ya kukuona tena.,swahili,manual_collection,2026-03-15,"['nina', 'hamu', 'ya', 'kukuona', 'tena']",nina hamu ya kukuona tena
Nina wasiwasi kuhusu mtihani.,swahili,manual_collection,2026-03-15,"['nina', 'wasiwasi', 'kuhusu', 'mtihani']",nina wasiwasi kuhusu mtihani
Nina shukrani kwa msaada wako.,swahili,manual_collection,2026-03-15,"['nina', 'shukrani', 'kwa', 'msaada', 'wako']",nina shukrani kwa msaada wako
"Tafadhali, naomba msaada wako.",swahili,manual_collection,2026-03-15,"['tafadhali', 'naomba', 'msaada', 'wako']",tafadhali naomba msaada wako
"Samahani, naweza kupita?",swahili,manual_collection,2026-03-15,"['samahani', 'naweza', 'kupita']",samahani naweza kupita
Pole kwa kuchelewa.,swahili,manual_collection,2026-03-15,"['pole', 'kwa', 'kuchelewa']",pole kwa kuchelewa
Hongera kwa kazi nzuri!,swahili,manual_collection,2026-03-15,"['hongera', 'kwa', 'kazi', 'nzuri']",hongera kwa kazi nzuri
Nakutakia siku njema.,swahili,manual_collection,2026-03-15,"['nakutakia', 'siku', 'njema']",nakutakia siku njema
Tutaonana kesho.,swahili,manual_collection,2026-03-15,"['tutaonana', 'kesho']",tutaonana kesho
Kwaheri ya kuonana.,swahili,manual_collection,2026-03-15,"['kwaheri', 'ya', 'kuonana']",kwaheri ya kuonana
Usiku mwema.,swahili,manual_collection,2026-03-15,"['usiku', 'mwema']",usiku mwema
Lala salama.,swahili,manual_collection,2026-03-15,"['lala', 'salama']",lala salama
Nakupenda sana.,swahili,manual_collection,2026-03-15,"['nakupenda', 'sana']",nakupenda sana
Mama narudi msikitini.,swahili,manual_collection,2026-03-15,"['mama', 'narudi', 'msikitini']",mama narudi msikitini
Mama nakwenda nyumbani.,swahili,manual_collection,2026-03-15,"['mama', 'nakwenda', 'nyumbani']",mama nakwenda nyumbani
Wewe nangoja dukani.,swahili,manual_collection,2026-03-15,"['wewe', 'nangoja', 'dukani']",wewe nangoja dukani
Sisi narudi hospitali.,swahili,manual_collection,2026-03-15,"['sisi', 'narudi', 'hospitali']",sisi narudi hospitali
Sisi nacheza hospitali.,swahili,manual_collection,2026-03-15,"['sisi', 'nacheza', 'hospitali']",sisi nacheza hospitali
Wao nangoja dukani.,swahili,manual_collection,2026-03-15,"['wao', 'nangoja', 'dukani']",wao nangoja dukani
Mama narudi msikitini.,swahili,manual_collection,2026-03-15,"['mama', 'narudi', 'msikitini']",mama narudi msikitini
Nyinyi naandika dukani.,swahili,manual_collection,2026-03-15,"['nyinyi', 'naandika', 'dukani']",nyinyi naandika dukani
Baba narudi nyumbani.,swahili,manual_collection,2026-03-15,"['baba', 'narudi', 'nyumbani']",baba narudi nyumbani
Mama nakunywa kanisani.,swahili,manual_collection,2026-03-15,"['mama', 'nakunywa', 'kanisani']",mama nakunywa kanisani
Baba narudi shuleni.,swahili,manual_collection,2026-03-15,"['baba', 'narudi', 'shuleni']",baba narudi shuleni
Wewe nangoja dukani.,swahili,manual_collection,2026-03-15,"['wewe', 'nangoja', 'dukani']",wewe nangoja dukani
Watoto naandika kazini.,swahili,manual_collection,2026-03-15,"['watoto', 'naandika', 'kazini']",watoto naandika kazini
Sisi narudi kazini.,swahili,manual_collection,2026-03-15,"['sisi', 'narudi', 'kazini']",sisi narudi kazini
Wewe nasoma shuleni.,swahili,manual_collection,2026-03-15,"['wewe', 'nasoma', 'shuleni']",wewe nasoma shuleni
Baba narudi hospitali.,swahili,manual_collection,2026-03-15,"['baba', 'narudi', 'hospitali']",baba narudi hospitali
Yeye naandika dukani.,swahili,manual_collection,2026-03-15,"['yeye', 'naandika', 'dukani']",yeye naandika dukani
Nyinyi nakwenda kazini.,swahili,manual_collection,2026-03-15,"['nyinyi', 'nakwenda', 'kazini']",nyinyi nakwenda kazini
Mimi nakwenda kanisani.,swahili,manual_collection,2026-03-15,"['mimi', 'nakwenda', 'kanisani']",mimi nakwenda kanisani
Nyinyi nakula sokoni.,swahili,manual_collection,2026-03-15,"['nyinyi', 'nakula', 'sokoni']",nyinyi nakula sokoni
Mimi nakula kanisani.,swahili,manual_collection,2026-03-15,"['mimi', 'nakula', 'kanisani']",mimi nakula kanisani
Yeye nasoma shuleni.,swahili,manual_collection,2026-03-15,"['yeye', 'nasoma', 'shuleni']",yeye nasoma shuleni
Baba nakunywa hospitali.,swahili,manual_collection,2026-03-15,"['baba', 'nakunywa', 'hospitali']",baba nakunywa hospitali
Sisi nakunywa hospitali.,swahili,manual_collection,2026-03-15,"['sisi', 'nakunywa', 'hospitali']",sisi nakunywa hospitali
Wewe narudi kanisani.,swahili,manual_collection,2026-03-15,"['wewe', 'narudi', 'kanisani']",wewe narudi kanisani
Baba nasoma kanisani.,swahili,manual_collection,2026-03-15,"['baba', 'nasoma', 'kanisani']",baba nasoma kanisani
Yeye nakwenda kazini.,swahili,manual_collection,2026-03-15,"['yeye', 'nakwenda', 'kazini']",yeye nakwenda kazini
Watoto nangoja msikitini.,swahili,manual_collection,2026-03-15,"['watoto', 'nangoja', 'msikitini']",watoto nangoja msikitini
Wewe nasoma hospitali.,swahili,manual_collection,2026-03-15,"['wewe', 'nasoma', 'hospitali']",wewe nasoma hospitali
Nyinyi nacheza hospitali.,swahili,manual_collection,2026-03-15,"['nyinyi', 'nacheza', 'hospitali']",nyinyi nacheza hospitali
Sisi nasoma msikitini.,swahili,manual_collection,2026-03-15,"['sisi', 'nasoma', 'msikitini']",sisi nasoma msikitini
Watoto nacheza kanisani.,swahili,manual_collection,2026-03-15,"['watoto', 'nacheza', 'kanisani']",watoto nacheza kanisani
Yeye naandika nyumbani.,swahili,manual_collection,2026-03-15,"['yeye', 'naandika', 'nyumbani']",yeye naandika nyumbani
Baba nakula msikitini.,swahili,manual_collection,2026-03-15,"['baba', 'nakula', 'msikitini']",baba nakula msikitini
Mama nakunywa dukani.,swahili,manual_collection,2026-03-15,"['mama', 'nakunywa', 'dukani']",mama nakunywa dukani
Yeye nacheza hospitali.,swahili,manual_collection,2026-03-15,"['yeye', 'nacheza', 'hospitali']",yeye nacheza hospitali
Nyinyi narudi sokoni.,swahili,manual_collection,2026-03-15,"['nyinyi', 'narudi', 'sokoni']",nyinyi narudi sokoni
Yeye narudi nyumbani.,swahili,manual_collection,2026-03-15,"['yeye', 'narudi', 'nyumbani']",yeye narudi nyumbani
Sisi nakwenda shuleni.,swahili,manual_collection,2026-03-15,"['sisi', 'nakwenda', 'shuleni']",sisi nakwenda shuleni
Wewe narudi kazini.,swahili,manual_collection,2026-03-15,"['wewe', 'narudi', 'kazini']",wewe narudi kazini
Baba nasoma kanisani.,swahili,manual_collection,2026-03-15,"['baba', 'nasoma', 'kanisani']",baba nasoma kanisani
Wao nacheza kanisani.,swahili,manual_collection,2026-03-15,"['wao', 'nacheza', 'kanisani']",wao nacheza kanisani
Wewe nakwenda nyumbani.,swahili,manual_collection,2026-03-15,"['wewe', 'nakwenda', 'nyumbani']",wewe nakwenda nyumbani
Watoto nacheza kazini.,swahili,manual_collection,2026-03-15,"['watoto', 'nacheza', 'kazini']",watoto nacheza kazini
Nyinyi nakula msikitini.,swahili,manual_collection,2026-03-15,"['nyinyi', 'nakula', 'msikitini']",nyinyi nakula msikitini
Baba nakwenda msikitini.,swahili,manual_collection,2026-03-15,"['baba', 'nakwenda', 'msikitini']",baba nakwenda msikitini
Mimi naandika kazini.,swahili,manual_collection,2026-03-15,"['mimi', 'naandika', 'kazini']",mimi naandika kazini
Wao nasoma hospitali.,swahili,manual_collection,2026-03-15,"['wao', 'nasoma', 'hospitali']",wao nasoma hospitali
Watoto nakunywa dukani.,swahili,manual_collection,2026-03-15,"['watoto', 'nakunywa', 'dukani']",watoto nakunywa dukani
Sisi nakunywa shuleni.,swahili,manual_collection,2026-03-15,"['sisi', 'nakunywa', 'shuleni']",sisi nakunywa shuleni
Mimi nasoma msikitini.,swahili,manual_collection,2026-03-15,"['mimi', 'nasoma', 'msikitini']",mimi nasoma msikitini
Wao nasoma nyumbani.,swahili,manual_collection,2026-03-15,"['wao', 'nasoma', 'nyumbani']",wao nasoma nyumbani
Baba nangoja kanisani.,swahili,manual_collection,2026-03-15,"['baba', 'nangoja', 'kanisani']",baba nangoja kanisani
Wao nasoma kanisani.,swahili,manual_collection,2026-03-15,"['wao', 'nasoma', 'kanisani']",wao nasoma kanisani
Mimi nangoja hospitali.,swahili,manual_collection,2026-03-15,"['mimi', 'nangoja', 'hospitali']",mimi nangoja hospitali
Mimi nakwenda kazini.,swahili,manual_collection,2026-03-15,"['mimi', 'nakwenda', 'kazini']",mimi nakwenda kazini
Wao nakwenda kazini.,swahili,manual_collection,2026-03-15,"['wao', 'nakwenda', 'kazini']",wao nakwenda kazini
Watoto naandika hospitali.,swahili,manual_collection,2026-03-15,"['watoto', 'naandika', 'hospitali']",watoto naandika hospitali
Mimi nangoja sokoni.,swahili,manual_collection,2026-03-15,"['mimi', 'nangoja', 'sokoni']",mimi nangoja sokoni
Wao naandika sokoni.,swahili,manual_collection,2026-03-15,"['wao', 'naandika', 'sokoni']",wao naandika sokoni
Baba nasoma kanisani.,swahili,manual_collection,2026-03-15,"['baba', 'nasoma', 'kanisani']",baba nasoma kanisani
Sisi nacheza kanisani.,swahili,manual_collection,2026-03-15,"['sisi', 'nacheza', 'kanisani']",sisi nacheza kanisani
Wao nakula shuleni.,swahili,manual_collection,2026-03-15,"['wao', 'nakula', 'shuleni']",wao nakula shuleni
Sisi nasoma dukani.,swahili,manual_collection,2026-03-15,"['sisi', 'nasoma', 'dukani']",sisi nasoma dukani
Baba nasoma nyumbani.,swahili,manual_collection,2026-03-15,"['baba', 'nasoma', 'nyumbani']",baba nasoma nyumbani
Watoto nasoma kazini.,swahili,manual_collection,2026-03-15,"['watoto', 'nasoma', 'kazini']",watoto nasoma kazini
Mama nakunywa sokoni.,swahili,manual_collection,2026-03-15,"['mama', 'nakunywa', 'sokoni']",mama nakunywa sokoni
Baba nangoja msikitini.,swahili,manual_collection,2026-03-15,"['baba', 'nangoja', 'msikitini']",baba nangoja msikitini
Mimi nacheza kazini.,swahili,manual_collection,2026-03-15,"['mimi', 'nacheza', 'kazini']",mimi nacheza kazini
Yeye naandika shuleni.,swahili,manual_collection,2026-03-15,"['yeye', 'naandika', 'shuleni']",yeye naandika shuleni
Yeye naandika kazini.,swahili,manual_collection,2026-03-15,"['yeye', 'naandika', 'kazini']",yeye naandika kazini
Mama narudi shuleni.,swahili,manual_collection,2026-03-15,"['mama', 'narudi', 'shuleni']",mama narudi shuleni
Baba narudi msikitini.,swahili,manual_collection,2026-03-15,"['baba', 'narudi', 'msikitini']",baba narudi msikitini
Mama naandika hospitali.,swahili,manual_collection,2026-03-15,"['mama', 'naandika', 'hospitali']",mama naandika hospitali
Wewe nakunywa dukani.,swahili,manual_collection,2026-03-15,"['wewe', 'nakunywa', 'dukani']",wewe nakunywa dukani
Yeye nakwenda nyumbani.,swahili,manual_collection,2026-03-15,"['yeye', 'nakwenda', 'nyumbani']",yeye nakwenda nyumbani
Nyinyi naandika sokoni.,swahili,manual_collection,2026-03-15,"['nyinyi', 'naandika', 'sokoni']",nyinyi naandika sokoni
Yeye nacheza kanisani.,swahili,manual_collection,2026-03-15,"['yeye', 'nacheza', 'kanisani']",yeye nacheza kanisani
Sisi nasoma msikitini.,swahili,manual_collection,2026-03-15,"['sisi', 'nasoma', 'msikitini']",sisi nasoma msikitini
Mimi nakula kanisani.,swahili,manual_collection,2026-03-15,"['mimi', 'nakula', 'kanisani']",mimi nakula kanisani
Mimi nakunywa msikitini.,swahili,manual_collection,2026-03-15,"['mimi', 'nakunywa', 'msikitini']",mimi nakunywa msikitini
Wewe narudi kanisani.,swahili,manual_collection,2026-03-15,"['wewe', 'narudi', 'kanisani']",wewe narudi kanisani
Yeye naandika kazini.,swahili,manual_collection,2026-03-15,"['yeye', 'naandika', 'kazini']",yeye naandika kazini
Watoto nakula hospitali.,swahili,manual_collection,2026-03-15,"['watoto', 'nakula', 'hospitali']",watoto nakula hospitali
Mimi nacheza kazini.,swahili,manual_collection,2026-03-15,"['mimi', 'nacheza', 'kazini']",mimi nacheza kazini
Watoto nasoma msikitini.,swahili,manual_collection,2026-03-15,"['watoto', 'nasoma', 'msikitini']",watoto nasoma msikitini
Sisi nangoja sokoni.,swahili,manual_collection,2026-03-15,"['sisi', 'nangoja', 'sokoni']",sisi nangoja sokoni
Sisi nakula kazini.,swahili,manual_collection,2026-03-15,"['sisi', 'nakula', 'kazini']",sisi nakula kazini
Mama narudi kanisani.,swahili,manual_collection,2026-03-15,"['mama', 'narudi', 'kanisani']",mama narudi kanisani
Wewe nakwenda nyumbani.,swahili,manual_collection,2026-03-15,"['wewe', 'nakwenda', 'nyumbani']",wewe nakwenda nyumbani
Mimi nakwenda kazini.,swahili,manual_collection,2026-03-15,"['mimi', 'nakwenda', 'kazini']",mimi nakwenda kazini
Wewe nakunywa kanisani.,swahili,manual_collection,2026-03-15,"['wewe', 'nakunywa', 'kanisani']",wewe nakunywa kanisani
Wewe nasoma dukani.,swahili,manual_collection,2026-03-15,"['wewe', 'nasoma', 'dukani']",wewe nasoma dukani
Wewe nakula kazini.,swahili,manual_collection,2026-03-15,"['wewe', 'nakula', 'kazini']",wewe nakula kazini
Wewe naandika nyumbani.,swahili,manual_collection,2026-03-15,"['wewe', 'naandika', 'nyumbani']",wewe naandika nyumbani
Baba nasoma kazini.,swahili,manual_collection,2026-03-15,"['baba', 'nasoma', 'kazini']",baba nasoma kazini
Baba nakwenda msikitini.,swahili,manual_collection,2026-03-15,"['baba', 'nakwenda', 'msikitini']",baba nakwenda msikitini
Yeye narudi sokoni.,swahili,manual_collection,2026-03-15,"['yeye', 'narudi', 'sokoni']",yeye narudi sokoni
Wao nakunywa kanisani.,swahili,manual_collection,2026-03-15,"['wao', 'nakunywa', 'kanisani']",wao nakunywa kanisani
Wewe naandika dukani.,swahili,manual_collection,2026-03-15,"['wewe', 'naandika', 'dukani']",wewe naandika dukani
Wao nakwenda nyumbani.,swahili,manual_collection,2026-03-15,"['wao', 'nakwenda', 'nyumbani']",wao nakwenda nyumbani
Nyinyi nasoma msikitini.,swahili,manual_collection,2026-03-15,"['nyinyi', 'nasoma', 'msikitini']",nyinyi nasoma msikitini
Wao nangoja dukani.,swahili,manual_collection,2026-03-15,"['wao', 'nangoja', 'dukani']",wao nangoja dukani
Nyinyi nakunywa shuleni.,swahili,manual_collection,2026-03-15,"['nyinyi', 'nakunywa', 'shuleni']",nyinyi nakunywa shuleni
Mimi narudi kazini.,swahili,manual_collection,2026-03-15,"['mimi', 'narudi', 'kazini']",mimi narudi kazini
Watoto nakwenda kanisani.,swahili,manual_collection,2026-03-15,"['watoto', 'nakwenda', 'kanisani']",watoto nakwenda kanisani
Sisi nakunywa shuleni.,swahili,manual_collection,2026-03-15,"['sisi', 'nakunywa', 'shuleni']",sisi nakunywa shuleni
Watoto nakula nyumbani.,swahili,manual_collection,2026-03-15,"['watoto', 'nakula', 'nyumbani']",watoto nakula nyumbani
Nyinyi nacheza msikitini.,swahili,manual_collection,2026-03-15,"['nyinyi', 'nacheza', 'msikitini']",nyinyi nacheza msikitini
Mama narudi nyumbani.,swahili,manual_collection,2026-03-15,"['mama', 'narudi', 'nyumbani']",mama narudi nyumbani
Wao nasoma shuleni.,swahili,manual_collection,2026-03-15,"['wao', 'nasoma', 'shuleni']",wao nasoma shuleni
Mama nakula shuleni.,swahili,manual_collection,2026-03-15,"['mama', 'nakula', 'shuleni']",mama nakula shuleni
Wewe nakwenda sokoni.,swahili,manual_collection,2026-03-15,"['wewe', 'nakwenda', 'sokoni']",wewe nakwenda sokoni
Nyinyi nacheza kazini.,swahili,manual_collection,2026-03-15,"['nyinyi', 'nacheza', 'kazini']",nyinyi nacheza kazini
Sisi narudi kazini.,swahili,manual_collection,2026-03-15,"['sisi', 'narudi', 'kazini']",sisi narudi kazini
Wao nangoja kanisani.,swahili,manual_collection,2026-03-15,"['wao', 'nangoja', 'kanisani']",wao nangoja kanisani
Sisi nacheza nyumbani.,swahili,manual_collection,2026-03-15,"['sisi', 'nacheza', 'nyumbani']",sisi nacheza nyumbani
Nyinyi nacheza msikitini.,swahili,manual_collection,2026-03-15,"['nyinyi', 'nacheza', 'msikitini']",nyinyi nacheza msikitini
Nyinyi naandika kanisani.,swahili,manual_collection,2026-03-15,"['nyinyi', 'naandika', 'kanisani']",nyinyi naandika kanisani
Mama nakunywa dukani.,swahili,manual_collection,2026-03-15,"['mama', 'nakunywa', 'dukani']",mama nakunywa dukani
Wewe nangoja sokoni.,swahili,manual_collection,2026-03-15,"['wewe', 'nangoja', 'sokoni']",wewe nangoja sokoni
Mimi nakula kanisani.,swahili,manual_collection,2026-03-15,"['mimi', 'nakula', 'kanisani']",mimi nakula kanisani
Wao nangoja kanisani.,swahili,manual_collection,2026-03-15,"['wao', 'nangoja', 'kanisani']",wao nangoja kanisani
Baba nangoja msikitini.,swahili,manual_collection,2026-03-15,"['baba', 'nangoja', 'msikitini']",baba nangoja msikitini
Nyinyi nakula kanisani.,swahili,manual_collection,2026-03-15,"['nyinyi', 'nakula', 'kanisani']",nyinyi nakula kanisani
Mimi nakunywa msikitini.,swahili,manual_collection,2026-03-15,"['mimi', 'nakunywa', 'msikitini']",mimi nakunywa msikitini
Mama naandika dukani.,swahili,manual_collection,2026-03-15,"['mama', 'naandika', 'dukani']",mama naandika dukani
Watoto narudi kazini.,swahili,manual_collection,2026-03-15,"['watoto', 'narudi', 'kazini']",watoto narudi kazini
Nyinyi nacheza kanisani.,swahili,manual_collection,2026-03-15,"['nyinyi', 'nacheza', 'kanisani']",nyinyi nacheza kanisani
Watoto naandika msikitini.,swahili,manual_collection,2026-03-15,"['watoto', 'naandika', 'msikitini']",watoto naandika msikitini
Sisi nakula kanisani.,swahili,manual_collection,2026-03-15,"['sisi', 'nakula', 'kanisani']",sisi nakula kanisani
Sisi nakunywa shuleni.,swahili,manual_collection,2026-03-15,"['sisi', 'nakunywa', 'shuleni']",sisi nakunywa shuleni
Watoto naandika msikitini.,swahili,manual_collection,2026-03-15,"['watoto', 'naandika', 'msikitini']",watoto naandika msikitini
Mimi nakwenda dukani.,swahili,manual_collection,2026-03-15,"['mimi', 'nakwenda', 'dukani']",mimi nakwenda dukani
Baba nakula kanisani.,swahili,manual_collection,2026-03-15,"['baba', 'nakula', 'kanisani']",baba nakula kanisani
Watoto nakwenda shuleni.,swahili,manual_collection,2026-03-15,"['watoto', 'nakwenda', 'shuleni']",watoto nakwenda shuleni
Sisi nakunywa dukani.,swahili,manual_collection,2026-03-15,"['sisi', 'nakunywa', 'dukani']",sisi nakunywa dukani
Wewe naandika shuleni.,swahili,manual_collection,2026-03-15,"['wewe', 'naandika', 'shuleni']",wewe naandika shuleni
Watoto nasoma kazini.,swahili,manual_collection,2026-03-15,"['watoto', 'nasoma', 'kazini']",watoto nasoma kazini
Baba nasoma dukani.,swahili,manual_collection,2026-03-15,"['baba', 'nasoma', 'dukani']",baba nasoma dukani
Yeye nangoja dukani.,swahili,manual_collection,2026-03-15,"['yeye', 'nangoja', 'dukani']",yeye nangoja dukani
Sisi nangoja kazini.,swahili,manual_collection,2026-03-15,"['sisi', 'nangoja', 'kazini']",sisi nangoja kazini
Baba nakunywa kanisani.,swahili,manual_collection,2026-03-15,"['baba', 'nakunywa', 'kanisani']",baba nakunywa kanisani
Baba nacheza shuleni.,swahili,manual_collection,2026-03-15,"['baba', 'nacheza', 'shuleni']",baba nacheza shuleni
Sisi narudi kanisani.,swahili,manual_collection,2026-03-15,"['sisi', 'narudi', 'kanisani']",sisi narudi kanisani
Wao nangoja sokoni.,swahili,manual_collection,2026-03-15,"['wao', 'nangoja', 'sokoni']",wao nangoja sokoni
Baba nakula kanisani.,swahili,manual_collection,2026-03-15,"['baba', 'nakula', 'kanisani']",baba nakula kanisani
Wao nacheza kazini.,swahili,manual_collection,2026-03-15,"['wao', 'nacheza', 'kazini']",wao nacheza kazini
Mama nakula kanisani.,swahili,manual_collection,2026-03-15,"['mama', 'nakula', 'kanisani']",mama nakula kanisani
Yeye nasoma kazini.,swahili,manual_collection,2026-03-15,"['yeye', 'nasoma', 'kazini']",yeye nasoma kazini
Wulanga wulile?,lubukusu,manual_collection,2026-03-15,"['wulanga', 'wulile']",wulanga wulile
Wulanga mulembe?,lubukusu,manual_collection,2026-03-15,"['wulanga', 'mulembe']",wulanga mulembe
"Mulembe, wulile?",lubukusu,manual_collection,2026-03-15,"['mulembe', 'wulile']",mulembe wulile
"Wulanga, wawukha?",lubukusu,manual_collection,2026-03-15,"['wulanga', 'wawukha']",wulanga wawukha
"Ndilile mulembe, kala wewe?",lubukusu,manual_collection,2026-03-15,"['ndilile', 'mulembe', 'kala', 'wewe']",ndilile mulembe kala wewe
Jina lianje ni Wafula. Ewe jina lioye?,lubukusu,manual_collection,2026-03-15,"['jina', 'lianje', 'ni', 'wafula', 'ewe', 'jina', 'lioye']",jina lianje ni wafula ewe jina lioye
Ndetsa khukwa Bulukhayo. Ewe utsa hayi?,lubukusu,manual_collection,2026-03-15,"['ndetsa', 'khukwa', 'bulukhayo', 'ewe', 'utsa', 'hayi']",ndetsa khukwa bulukhayo ewe utsa hayi
Karibu muno khukhwitu.,lubukusu,manual_collection,2026-03-15,"['karibu', 'muno', 'khukhwitu']",karibu muno khukhwitu
Nakhupa obulayi okhutsa.,lubukusu,manual_collection,2026-03-15,"['nakhupa', 'obulayi', 'okhutsa']",nakhupa obulayi okhutsa
Ndakhupa kamalayi okhumanya.,lubukusu,manual_collection,2026-03-15,"['ndakhupa', 'kamalayi', 'okhumanya']",ndakhupa kamalayi okhumanya
Ndeya khukhola endakho.,lubukusu,manual_collection,2026-03-15,"['ndeya', 'khukhola', 'endakho']",ndeya khukhola endakho
Nasima kamatinyekha.,lubukusu,manual_collection,2026-03-15,"['nasima', 'kamatinyekha']",nasima kamatinyekha
Khuletsa khukhwe khumuliango.,lubukusu,manual_collection,2026-03-15,"['khuletsa', 'khukhwe', 'khumuliango']",khuletsa khukhwe khumuliango
Ndakhupa obulayi.,lubukusu,manual_collection,2026-03-15,"['ndakhupa', 'obulayi']",ndakhupa obulayi
Sindu sina chino?,lubukusu,manual_collection,2026-03-15,"['sindu', 'sina', 'chino']",sindu sina chino
Ndema okhulia khukhwi.,lubukusu,manual_collection,2026-03-15,"['ndema', 'okhulia', 'khukhwi']",ndema okhulia khukhwi
Wa kharo yiyi?,lubukusu,manual_collection,2026-03-15,"['wa', 'kharo', 'yiyi']",wa kharo yiyi
Naloma ne omukhana.,lubukusu,manual_collection,2026-03-15,"['naloma', 'ne', 'omukhana']",naloma ne omukhana
Khuli nende injala.,lubukusu,manual_collection,2026-03-15,"['khuli', 'nende', 'injala']",khuli nende injala
Efukho yiyi ino?,lubukusu,manual_collection,2026-03-15,"['efukho', 'yiyi', 'ino']",efukho yiyi ino
Ndakhupa omulayi muno.,lubukusu,manual_collection,2026-03-15,"['ndakhupa', 'omulayi', 'muno']",ndakhupa omulayi muno
Kane khutsie kumukunda.,lubukusu,manual_collection,2026-03-15,"['kane', 'khutsie', 'kumukunda']",kane khutsie kumukunda
Wa kharo yiyi ukhumanyia?,lubukusu,manual_collection,2026-03-15,"['wa', 'kharo', 'yiyi', 'ukhumanyia']",wa kharo yiyi ukhumanyia
Nalomwa ni omusiani.,lubukusu,manual_collection,2026-03-15,"['nalomwa', 'ni', 'omusiani']",nalomwa ni omusiani
Kamukenye kamalayi.,lubukusu,manual_collection,2026-03-15,"['kamukenye', 'kamalayi']",kamukenye kamalayi
Ndakhupa amani.,lubukusu,manual_collection,2026-03-15,"['ndakhupa', 'amani']",ndakhupa amani
"Sili omulayi, kala wewe?",lubukusu,manual_collection,2026-03-15,"['sili', 'omulayi', 'kala', 'wewe']",sili omulayi kala wewe
Khuli nende omukeno.,lubukusu,manual_collection,2026-03-15,"['khuli', 'nende', 'omukeno']",khuli nende omukeno
Nebene bakhupa?,lubukusu,manual_collection,2026-03-15,"['nebene', 'bakhupa']",nebene bakhupa
Baba wanje ni Omukasa.,lubukusu,manual_collection,2026-03-15,"['baba', 'wanje', 'ni', 'omukasa']",baba wanje ni omukasa
Mama wanje ni Omukhasi omulayi.,lubukusu,manual_collection,2026-03-15,"['mama', 'wanje', 'ni', 'omukhasi', 'omulayi']",mama wanje ni omukhasi omulayi
Ndi nende abana bataru.,lubukusu,manual_collection,2026-03-15,"['ndi', 'nende', 'abana', 'bataru']",ndi nende abana bataru
Omwana wanje omusiani asoma e shule.,lubukusu,manual_collection,2026-03-15,"['omwana', 'wanje', 'omusiani', 'asoma', 'e', 'shule']",omwana wanje omusiani asoma e shule
Omukhana wanje ni mutiti.,lubukusu,manual_collection,2026-03-15,"['omukhana', 'wanje', 'ni', 'mutiti']",omukhana wanje ni mutiti
Baba bakhulu babele bayanza okhulola.,lubukusu,manual_collection,2026-03-15,"['baba', 'bakhulu', 'babele', 'bayanza', 'okhulola']",baba bakhulu babele bayanza okhulola
Oluyia lwefwe ni olunji.,lubukusu,manual_collection,2026-03-15,"['oluyia', 'lwefwe', 'ni', 'olunji']",oluyia lwefwe ni olunji
Ndi nende bakhaye basatsa.,lubukusu,manual_collection,2026-03-15,"['ndi', 'nende', 'bakhaye', 'basatsa']",ndi nende bakhaye basatsa
Mukhana wanje ni omulayi muno.,lubukusu,manual_collection,2026-03-15,"['mukhana', 'wanje', 'ni', 'omulayi', 'muno']",mukhana wanje ni omulayi muno
Omusiani wanje ni omulayi.,lubukusu,manual_collection,2026-03-15,"['omusiani', 'wanje', 'ni', 'omulayi']",omusiani wanje ni omulayi
Efukho yiyi?,lubukusu,manual_collection,2026-03-15,"['efukho', 'yiyi']",efukho yiyi
Wa kharo yena?,lubukusu,manual_collection,2026-03-15,"['wa', 'kharo', 'yena']",wa kharo yena
Ukhenda hayi?,lubukusu,manual_collection,2026-03-15,"['ukhenda', 'hayi']",ukhenda hayi
Ukhola shina?,lubukusu,manual_collection,2026-03-15,"['ukhola', 'shina']",ukhola shina
Ukhupa shina?,lubukusu,manual_collection,2026-03-15,"['ukhupa', 'shina']",ukhupa shina
Shina shikhupa?,lubukusu,manual_collection,2026-03-15,"['shina', 'shikhupa']",shina shikhupa
Witsa lina?,lubukusu,manual_collection,2026-03-15,"['witsa', 'lina']",witsa lina
Ukhalanga shina?,lubukusu,manual_collection,2026-03-15,"['ukhalanga', 'shina']",ukhalanga shina
Ukhakhola shina kesho?,lubukusu,manual_collection,2026-03-15,"['ukhakhola', 'shina', 'kesho']",ukhakhola shina kesho
Nebena bekha?,lubukusu,manual_collection,2026-03-15,"['nebena', 'bekha']",nebena bekha
Ndema okhulia.,lubukusu,manual_collection,2026-03-15,"['ndema', 'okhulia']",ndema okhulia
Khuli nende injala muno.,lubukusu,manual_collection,2026-03-15,"['khuli', 'nende', 'injala', 'muno']",khuli nende injala muno
Okhulia khulayi khuli khu mesao.,lubukusu,manual_collection,2026-03-15,"['okhulia', 'khulayi', 'khuli', 'khu', 'mesao']",okhulia khulayi khuli khu mesao
Nasima kamatinyekha kano.,lubukusu,manual_collection,2026-03-15,"['nasima', 'kamatinyekha', 'kano']",nasima kamatinyekha kano
Nyanga ino ni ndayi.,lubukusu,manual_collection,2026-03-15,"['nyanga', 'ino', 'ni', 'ndayi']",nyanga ino ni ndayi
Nania obusuma ne inyama.,lubukusu,manual_collection,2026-03-15,"['nania', 'obusuma', 'ne', 'inyama']",nania obusuma ne inyama
Nanywa kamachina.,lubukusu,manual_collection,2026-03-15,"['nanywa', 'kamachina']",nanywa kamachina
Tukhalia shina leo?,lubukusu,manual_collection,2026-03-15,"['tukhalia', 'shina', 'leo']",tukhalia shina leo
Okhulia khuno khulayi.,lubukusu,manual_collection,2026-03-15,"['okhulia', 'khuno', 'khulayi']",okhulia khuno khulayi
Nende amakanda?,lubukusu,manual_collection,2026-03-15,"['nende', 'amakanda']",nende amakanda
Ndeya khukwa kumukunda.,lubukusu,manual_collection,2026-03-15,"['ndeya', 'khukwa', 'kumukunda']",ndeya khukwa kumukunda
Nasima kamatinyekha kamukunda.,lubukusu,manual_collection,2026-03-15,"['nasima', 'kamatinyekha', 'kamukunda']",nasima kamatinyekha kamukunda
Kamukenye kano ni kanga?,lubukusu,manual_collection,2026-03-15,"['kamukenye', 'kano', 'ni', 'kanga']",kamukenye kano ni kanga
"Nakhupa omulayi, shina sino?",lubukusu,manual_collection,2026-03-15,"['nakhupa', 'omulayi', 'shina', 'sino']",nakhupa omulayi shina sino
Ndeya okhukhola likhuwa.,lubukusu,manual_collection,2026-03-15,"['ndeya', 'okhukhola', 'likhuwa']",ndeya okhukhola likhuwa
Kane khutsie khusikulu.,lubukusu,manual_collection,2026-03-15,"['kane', 'khutsie', 'khusikulu']",kane khutsie khusikulu
Nakhupa kamakhulu.,lubukusu,manual_collection,2026-03-15,"['nakhupa', 'kamakhulu']",nakhupa kamakhulu
Sindu sino ni shinga?,lubukusu,manual_collection,2026-03-15,"['sindu', 'sino', 'ni', 'shinga']",sindu sino ni shinga
Ndeya okhukhola kamalayi.,lubukusu,manual_collection,2026-03-15,"['ndeya', 'okhukhola', 'kamalayi']",ndeya okhukhola kamalayi
Kamukenye kanofu kali.,lubukusu,manual_collection,2026-03-15,"['kamukenye', 'kanofu', 'kali']",kamukenye kanofu kali
Ndeya khukhola emilimo.,lubukusu,manual_collection,2026-03-15,"['ndeya', 'khukhola', 'emilimo']",ndeya khukhola emilimo
Nakhalengele okhukhalaka.,lubukusu,manual_collection,2026-03-15,"['nakhalengele', 'okhukhalaka']",nakhalengele okhukhalaka
Khuli nende luyia.,lubukusu,manual_collection,2026-03-15,"['khuli', 'nende', 'luyia']",khuli nende luyia
Ndema okhumanya ebindu.,lubukusu,manual_collection,2026-03-15,"['ndema', 'okhumanya', 'ebindu']",ndema okhumanya ebindu
Nakhola emilimo chianje.,lubukusu,manual_collection,2026-03-15,"['nakhola', 'emilimo', 'chianje']",nakhola emilimo chianje
Emilimo chianje chindayi.,lubukusu,manual_collection,2026-03-15,"['emilimo', 'chianje', 'chindayi']",emilimo chianje chindayi
Naloma ne abebulu.,lubukusu,manual_collection,2026-03-15,"['naloma', 'ne', 'abebulu']",naloma ne abebulu
Khuli nende khusinza.,lubukusu,manual_collection,2026-03-15,"['khuli', 'nende', 'khusinza']",khuli nende khusinza
Ndeya khukhonya.,lubukusu,manual_collection,2026-03-15,"['ndeya', 'khukhonya']",ndeya khukhonya
Nakhalengele okhukhola.,lubukusu,manual_collection,2026-03-15,"['nakhalengele', 'okhukhola']",nakhalengele okhukhola
Ndema amani.,lubukusu,manual_collection,2026-03-15,"['ndema', 'amani']",ndema amani
Nali muweli.,lubukusu,manual_collection,2026-03-15,"['nali', 'muweli']",nali muweli
Ndeya khulwala.,lubukusu,manual_collection,2026-03-15,"['ndeya', 'khulwala']",ndeya khulwala
Nakhupa kamakhulu muweli.,lubukusu,manual_collection,2026-03-15,"['nakhupa', 'kamakhulu', 'muweli']",nakhupa kamakhulu muweli
Ndeya khulola omukulu.,lubukusu,manual_collection,2026-03-15,"['ndeya', 'khulola', 'omukulu']",ndeya khulola omukulu
Ndema okhumia.,lubukusu,manual_collection,2026-03-15,"['ndema', 'okhumia']",ndema okhumia
Ndakhupa amani muno.,lubukusu,manual_collection,2026-03-15,"['ndakhupa', 'amani', 'muno']",ndakhupa amani muno
Nali muweli olwosi.,lubukusu,manual_collection,2026-03-15,"['nali', 'muweli', 'olwosi']",nali muweli olwosi
Nakhalengele okhulwala.,lubukusu,manual_collection,2026-03-15,"['nakhalengele', 'okhulwala']",nakhalengele okhulwala
Khuli nende bulwale.,lubukusu,manual_collection,2026-03-15,"['khuli', 'nende', 'bulwale']",khuli nende bulwale
Ndeya khutsia Bulukhayo.,lubukusu,manual_collection,2026-03-15,"['ndeya', 'khutsia', 'bulukhayo']",ndeya khutsia bulukhayo
Kane khutsie kumukunda.,lubukusu,manual_collection,2026-03-15,"['kane', 'khutsie', 'kumukunda']",kane khutsie kumukunda
Ndeya khukwa Nairobi.,lubukusu,manual_collection,2026-03-15,"['ndeya', 'khukwa', 'nairobi']",ndeya khukwa nairobi
Nsafire mumwendo.,lubukusu,manual_collection,2026-03-15,"['nsafire', 'mumwendo']",nsafire mumwendo
Khuli nende luyia lwokhutsia.,lubukusu,manual_collection,2026-03-15,"['khuli', 'nende', 'luyia', 'lwokhutsia']",khuli nende luyia lwokhutsia
Mumwendo kunofu.,lubukusu,manual_collection,2026-03-15,"['mumwendo', 'kunofu']",mumwendo kunofu
Ndeya khukalusia.,lubukusu,manual_collection,2026-03-15,"['ndeya', 'khukalusia']",ndeya khukalusia
Khuli nende ebili.,lubukusu,manual_collection,2026-03-15,"['khuli', 'nende', 'ebili']",khuli nende ebili
Nsafire nabayi.,lubukusu,manual_collection,2026-03-15,"['nsafire', 'nabayi']",nsafire nabayi
Ndeya okhukalusia khusikulu.,lubukusu,manual_collection,2026-03-15,"['ndeya', 'okhukalusia', 'khusikulu']",ndeya okhukalusia khusikulu
Ndema omukeno.,lubukusu,manual_collection,2026-03-15,"['ndema', 'omukeno']",ndema omukeno
Khuli nende obulayi.,lubukusu,manual_collection,2026-03-15,"['khuli', 'nende', 'obulayi']",khuli nende obulayi
Nali nende esiro.,lubukusu,manual_collection,2026-03-15,"['nali', 'nende', 'esiro']",nali nende esiro
Ndakhupa amani mwoyo.,lubukusu,manual_collection,2026-03-15,"['ndakhupa', 'amani', 'mwoyo']",ndakhupa amani mwoyo
Nali musangafu.,lubukusu,manual_collection,2026-03-15,"['nali', 'musangafu']",nali musangafu
Khuli nende esinza.,lubukusu,manual_collection,2026-03-15,"['khuli', 'nende', 'esinza']",khuli nende esinza
Nali omulayi mwoyo.,lubukusu,manual_collection,2026-03-15,"['nali', 'omulayi', 'mwoyo']",nali omulayi mwoyo
Ndakhupa obulayi mwoyo.,lubukusu,manual_collection,2026-03-15,"['ndakhupa', 'obulayi', 'mwoyo']",ndakhupa obulayi mwoyo
Nali nende obukeni.,lubukusu,manual_collection,2026-03-15,"['nali', 'nende', 'obukeni']",nali nende obukeni
Khuli nende omukeno muno.,lubukusu,manual_collection,2026-03-15,"['khuli', 'nende', 'omukeno', 'muno']",khuli nende omukeno muno
Efukho yiyi ni yamalayi.,lubukusu,manual_collection,2026-03-15,"['efukho', 'yiyi', 'ni', 'yamalayi']",efukho yiyi ni yamalayi
Kumukunda kuyia.,lubukusu,manual_collection,2026-03-15,"['kumukunda', 'kuyia']",kumukunda kuyia
Oluyia lwefwe ni lulayi.,lubukusu,manual_collection,2026-03-15,"['oluyia', 'lwefwe', 'ni', 'lulayi']",oluyia lwefwe ni lulayi
Khusikulu khulayi.,lubukusu,manual_collection,2026-03-15,"['khusikulu', 'khulayi']",khusikulu khulayi
Mwikulu ni mulayi.,lubukusu,manual_collection,2026-03-15,"['mwikulu', 'ni', 'mulayi']",mwikulu ni mulayi
Efukho yiyi ni yomulembe.,lubukusu,manual_collection,2026-03-15,"['efukho', 'yiyi', 'ni', 'yomulembe']",efukho yiyi ni yomulembe
Khusikulu khuyia.,lubukusu,manual_collection,2026-03-15,"['khusikulu', 'khuyia']",khusikulu khuyia
Mwikulu ni mulembe.,lubukusu,manual_collection,2026-03-15,"['mwikulu', 'ni', 'mulembe']",mwikulu ni mulembe
Efukho yino ni ndayi.,lubukusu,manual_collection,2026-03-15,"['efukho', 'yino', 'ni', 'ndayi']",efukho yino ni ndayi
Khusikulu khunofu.,lubukusu,manual_collection,2026-03-15,"['khusikulu', 'khunofu']",khusikulu khunofu
Ndakhupa obulayi.,lubukusu,manual_collection,2026-03-15,"['ndakhupa', 'obulayi']",ndakhupa obulayi
Wanyala muno.,lubukusu,manual_collection,2026-03-15,"['wanyala', 'muno']",wanyala muno
Kane khukhonyane.,lubukusu,manual_collection,2026-03-15,"['kane', 'khukhonyane']",kane khukhonyane
Sili omulayi.,lubukusu,manual_collection,2026-03-15,"['sili', 'omulayi']",sili omulayi
Ndakhupa kamalayi.,lubukusu,manual_collection,2026-03-15,"['ndakhupa', 'kamalayi']",ndakhupa kamalayi
Wanyala sana.,lubukusu,manual_collection,2026-03-15,"['wanyala', 'sana']",wanyala sana
Kane khulile.,lubukusu,manual_collection,2026-03-15,"['kane', 'khulile']",kane khulile
Ndakhupa.,lubukusu,manual_collection,2026-03-15,['ndakhupa'],ndakhupa
Mulembe.,lubukusu,manual_collection,2026-03-15,['mulembe'],mulembe
Kane khutsie.,lubukusu,manual_collection,2026-03-15,"['kane', 'khutsie']",kane khutsie
Wulanga naloma khusikulu.,lubukusu,manual_collection,2026-03-15,"['wulanga', 'naloma', 'khusikulu']",wulanga naloma khusikulu
Wanyala ndekhula khusikulu.,lubukusu,manual_collection,2026-03-15,"['wanyala', 'ndekhula', 'khusikulu']",wanyala ndekhula khusikulu
Mulembe ndeukha kumukunda.,lubukusu,manual_collection,2026-03-15,"['mulembe', 'ndeukha', 'kumukunda']",mulembe ndeukha kumukunda
Khabili nasima kumukunda.,lubukusu,manual_collection,2026-03-15,"['khabili', 'nasima', 'kumukunda']",khabili nasima kumukunda
Wulanga ndakhola kumukunda.,lubukusu,manual_collection,2026-03-15,"['wulanga', 'ndakhola', 'kumukunda']",wulanga ndakhola kumukunda
Wulanga ndakhola mwikulu.,lubukusu,manual_collection,2026-03-15,"['wulanga', 'ndakhola', 'mwikulu']",wulanga ndakhola mwikulu
Wanyala naloma khusikulu.,lubukusu,manual_collection,2026-03-15,"['wanyala', 'naloma', 'khusikulu']",wanyala naloma khusikulu
Mulembe naloma kumukunda.,lubukusu,manual_collection,2026-03-15,"['mulembe', 'naloma', 'kumukunda']",mulembe naloma kumukunda
Wanyala naloma khumuliango.,lubukusu,manual_collection,2026-03-15,"['wanyala', 'naloma', 'khumuliango']",wanyala naloma khumuliango
Wulanga ndakhola Bulukhayo.,lubukusu,manual_collection,2026-03-15,"['wulanga', 'ndakhola', 'bulukhayo']",wulanga ndakhola bulukhayo
Wanyala nasima mwikulu.,lubukusu,manual_collection,2026-03-15,"['wanyala', 'nasima', 'mwikulu']",wanyala nasima mwikulu
Khabili ndakenda khusikulu.,lubukusu,manual_collection,2026-03-15,"['khabili', 'ndakenda', 'khusikulu']",khabili ndakenda khusikulu
Khabili ndekhula khukhwitu.,lubukusu,manual_collection,2026-03-15,"['khabili', 'ndekhula', 'khukhwitu']",khabili ndekhula khukhwitu
Wulanga naloma khukhwitu.,lubukusu,manual_collection,2026-03-15,"['wulanga', 'naloma', 'khukhwitu']",wulanga naloma khukhwitu
Khabili naloma khumuliango.,lubukusu,manual_collection,2026-03-15,"['khabili', 'naloma', 'khumuliango']",khabili naloma khumuliango
Mulembe ndakhola Bulukhayo.,lubukusu,manual_collection,2026-03-15,"['mulembe', 'ndakhola', 'bulukhayo']",mulembe ndakhola bulukhayo
Wanyala ndekhula khusikulu.,lubukusu,manual_collection,2026-03-15,"['wanyala', 'ndekhula', 'khusikulu']",wanyala ndekhula khusikulu
Wulanga ndakhola khukhwitu.,lubukusu,manual_collection,2026-03-15,"['wulanga', 'ndakhola', 'khukhwitu']",wulanga ndakhola khukhwitu
Wulanga ndeukha kumukunda.,lubukusu,manual_collection,2026-03-15,"['wulanga', 'ndeukha', 'kumukunda']",wulanga ndeukha kumukunda
Wulanga ndeukha khukhwitu.,lubukusu,manual_collection,2026-03-15,"['wulanga', 'ndeukha', 'khukhwitu']",wulanga ndeukha khukhwitu
Wulanga ndeukha Bulukhayo.,lubukusu,manual_collection,2026-03-15,"['wulanga', 'ndeukha', 'bulukhayo']",wulanga ndeukha bulukhayo
Wanyala naloma khumuliango.,lubukusu,manual_collection,2026-03-15,"['wanyala', 'naloma', 'khumuliango']",wanyala naloma khumuliango
Wulanga nasima khusikulu.,lubukusu,manual_collection,2026-03-15,"['wulanga', 'nasima', 'khusikulu']",wulanga nasima khusikulu
Wulanga naloma Bulukhayo.,lubukusu,manual_collection,2026-03-15,"['wulanga', 'naloma', 'bulukhayo']",wulanga naloma bulukhayo
Wanyala nasima Bulukhayo.,lubukusu,manual_collection,2026-03-15,"['wanyala', 'nasima', 'bulukhayo']",wanyala nasima bulukhayo
Mulembe ndekhula khukhwitu.,lubukusu,manual_collection,2026-03-15,"['mulembe', 'ndekhula', 'khukhwitu']",mulembe ndekhula khukhwitu
Wulanga ndekhula Bulukhayo.,lubukusu,manual_collection,2026-03-15,"['wulanga', 'ndekhula', 'bulukhayo']",wulanga ndekhula bulukhayo
Khabili naloma khusikulu.,lubukusu,manual_collection,2026-03-15,"['khabili', 'naloma', 'khusikulu']",khabili naloma khusikulu
Khabili naloma mwikulu.,lubukusu,manual_collection,2026-03-15,"['khabili', 'naloma', 'mwikulu']",khabili naloma mwikulu
Khabili ndakenda kumukunda.,lubukusu,manual_collection,2026-03-15,"['khabili', 'ndakenda', 'kumukunda']",khabili ndakenda kumukunda
Mulembe ndakhola khusikulu.,lubukusu,manual_collection,2026-03-15,"['mulembe', 'ndakhola', 'khusikulu']",mulembe ndakhola khusikulu
Wulanga ndakenda khumuliango.,lubukusu,manual_collection,2026-03-15,"['wulanga', 'ndakenda', 'khumuliango']",wulanga ndakenda khumuliango
Khabili ndekhula khumuliango.,lubukusu,manual_collection,2026-03-15,"['khabili', 'ndekhula', 'khumuliango']",khabili ndekhula khumuliango
Khabili ndeukha Bulukhayo.,lubukusu,manual_collection,2026-03-15,"['khabili', 'ndeukha', 'bulukhayo']",khabili ndeukha bulukhayo
Khabili ndakhola khumuliango.,lubukusu,manual_collection,2026-03-15,"['khabili', 'ndakhola', 'khumuliango']",khabili ndakhola khumuliango
Wanyala ndakhola kumukunda.,lubukusu,manual_collection,2026-03-15,"['wanyala', 'ndakhola', 'kumukunda']",wanyala ndakhola kumukunda
Wanyala ndekhula khumuliango.,lubukusu,manual_collection,2026-03-15,"['wanyala', 'ndekhula', 'khumuliango']",wanyala ndekhula khumuliango
Mulembe nasima khukhwitu.,lubukusu,manual_collection,2026-03-15,"['mulembe', 'nasima', 'khukhwitu']",mulembe nasima khukhwitu
Wulanga ndakenda khumuliango.,lubukusu,manual_collection,2026-03-15,"['wulanga', 'ndakenda', 'khumuliango']",wulanga ndakenda khumuliango
Khabili ndakenda mwikulu.,lubukusu,manual_collection,2026-03-15,"['khabili', 'ndakenda', 'mwikulu']",khabili ndakenda mwikulu
Mulembe naloma mwikulu.,lubukusu,manual_collection,2026-03-15,"['mulembe', 'naloma', 'mwikulu']",mulembe naloma mwikulu
Khabili ndekhula khukhwitu.,lubukusu,manual_collection,2026-03-15,"['khabili', 'ndekhula', 'khukhwitu']",khabili ndekhula khukhwitu
Wulanga naloma khusikulu.,lubukusu,manual_collection,2026-03-15,"['wulanga', 'naloma', 'khusikulu']",wulanga naloma khusikulu
Khabili ndekhula Bulukhayo.,lubukusu,manual_collection,2026-03-15,"['khabili', 'ndekhula', 'bulukhayo']",khabili ndekhula bulukhayo
Wanyala ndakhola khumuliango.,lubukusu,manual_collection,2026-03-15,"['wanyala', 'ndakhola', 'khumuliango']",wanyala ndakhola khumuliango
Mulembe naloma khumuliango.,lubukusu,manual_collection,2026-03-15,"['mulembe', 'naloma', 'khumuliango']",mulembe naloma khumuliango
Khabili ndeukha khumuliango.,lubukusu,manual_collection,2026-03-15,"['khabili', 'ndeukha', 'khumuliango']",khabili ndeukha khumuliango
Wanyala ndeukha khusikulu.,lubukusu,manual_collection,2026-03-15,"['wanyala', 'ndeukha', 'khusikulu']",wanyala ndeukha khusikulu
Mulembe naloma khumuliango.,lubukusu,manual_collection,2026-03-15,"['mulembe', 'naloma', 'khumuliango']",mulembe naloma khumuliango
Khabili ndekhula Bulukhayo.,lubukusu,manual_collection,2026-03-15,"['khabili', 'ndekhula', 'bulukhayo']",khabili ndekhula bulukhayo
Wulanga ndakhola mwikulu.,lubukusu,manual_collection,2026-03-15,"['wulanga', 'ndakhola', 'mwikulu']",wulanga ndakhola mwikulu
Wanyala ndeukha khumuliango.,lubukusu,manual_collection,2026-03-15,"['wanyala', 'ndeukha', 'khumuliango']",wanyala ndeukha khumuliango
Wulanga ndekhula khumuliango.,lubukusu,manual_collection,2026-03-15,"['wulanga', 'ndekhula', 'khumuliango']",wulanga ndekhula khumuliango
Khabili ndakenda Bulukhayo.,lubukusu,manual_collection,2026-03-15,"['khabili', 'ndakenda', 'bulukhayo']",khabili ndakenda bulukhayo
Wulanga ndakhola khukhwitu.,lubukusu,manual_collection,2026-03-15,"['wulanga', 'ndakhola', 'khukhwitu']",wulanga ndakhola khukhwitu
Wanyala ndakhola Bulukhayo.,lubukusu,manual_collection,2026-03-15,"['wanyala', 'ndakhola', 'bulukhayo']",wanyala ndakhola bulukhayo
Khabili naloma kumukunda.,lubukusu,manual_collection,2026-03-15,"['khabili', 'naloma', 'kumukunda']",khabili naloma kumukunda
Wulanga ndekhula kumukunda.,lubukusu,manual_collection,2026-03-15,"['wulanga', 'ndekhula', 'kumukunda']",wulanga ndekhula kumukunda
Mulembe nasima khumuliango.,lubukusu,manual_collection,2026-03-15,"['mulembe', 'nasima', 'khumuliango']",mulembe nasima khumuliango
Mulembe nasima kumukunda.,lubukusu,manual_collection,2026-03-15,"['mulembe', 'nasima', 'kumukunda']",mulembe nasima kumukunda
Wulanga ndeukha khumuliango.,lubukusu,manual_collection,2026-03-15,"['wulanga', 'ndeukha', 'khumuliango']",wulanga ndeukha khumuliango
Wulanga nasima Bulukhayo.,lubukusu,manual_collection,2026-03-15,"['wulanga', 'nasima', 'bulukhayo']",wulanga nasima bulukhayo
Wulanga ndakhola kumukunda.,lubukusu,manual_collection,2026-03-15,"['wulanga', 'ndakhola', 'kumukunda']",wulanga ndakhola kumukunda
Khabili ndekhula mwikulu.,lubukusu,manual_collection,2026-03-15,"['khabili', 'ndekhula', 'mwikulu']",khabili ndekhula mwikulu
Mulembe nasima khusikulu.,lubukusu,manual_collection,2026-03-15,"['mulembe', 'nasima', 'khusikulu']",mulembe nasima khusikulu
Wanyala nasima khumuliango.,lubukusu,manual_collection,2026-03-15,"['wanyala', 'nasima', 'khumuliango']",wanyala nasima khumuliango
Khabili ndakenda khukhwitu.,lubukusu,manual_collection,2026-03-15,"['khabili', 'ndakenda', 'khukhwitu']",khabili ndakenda khukhwitu
Khabili ndeukha khusikulu.,lubukusu,manual_collection,2026-03-15,"['khabili', 'ndeukha', 'khusikulu']",khabili ndeukha khusikulu
Khabili ndakhola mwikulu.,lubukusu,manual_collection,2026-03-15,"['khabili', 'ndakhola', 'mwikulu']",khabili ndakhola mwikulu
Khabili ndakenda mwikulu.,lubukusu,manual_collection,2026-03-15,"['khabili', 'ndakenda', 'mwikulu']",khabili ndakenda mwikulu
Mulembe ndakenda khukhwitu.,lubukusu,manual_collection,2026-03-15,"['mulembe', 'ndakenda', 'khukhwitu']",mulembe ndakenda khukhwitu
Khabili ndakhola kumukunda.,lubukusu,manual_collection,2026-03-15,"['khabili', 'ndakhola', 'kumukunda']",khabili ndakhola kumukunda
Khabili ndakhola mwikulu.,lubukusu,manual_collection,2026-03-15,"['khabili', 'ndakhola', 'mwikulu']",khabili ndakhola mwikulu
Wulanga ndakenda khusikulu.,lubukusu,manual_collection,2026-03-15,"['wulanga', 'ndakenda', 'khusikulu']",wulanga ndakenda khusikulu
Wulanga ndakhola khusikulu.,lubukusu,manual_collection,2026-03-15,"['wulanga', 'ndakhola', 'khusikulu']",wulanga ndakhola khusikulu
Mulembe ndakenda khumuliango.,lubukusu,manual_collection,2026-03-15,"['mulembe', 'ndakenda', 'khumuliango']",mulembe ndakenda khumuliango
Khabili ndeukha Bulukhayo.,lubukusu,manual_collection,2026-03-15,"['khabili', 'ndeukha', 'bulukhayo']",khabili ndeukha bulukhayo
Wulanga nasima Bulukhayo.,lubukusu,manual_collection,2026-03-15,"['wulanga', 'nasima', 'bulukhayo']",wulanga nasima bulukhayo
Wanyala naloma mwikulu.,lubukusu,manual_collection,2026-03-15,"['wanyala', 'naloma', 'mwikulu']",wanyala naloma mwikulu
Mulembe ndakenda Bulukhayo.,lubukusu,manual_collection,2026-03-15,"['mulembe', 'ndakenda', 'bulukhayo']",mulembe ndakenda bulukhayo
Wanyala ndakenda khumuliango.,lubukusu,manual_collection,2026-03-15,"['wanyala', 'ndakenda', 'khumuliango']",wanyala ndakenda khumuliango
Wulanga ndakenda kumukunda.,lubukusu,manual_collection,2026-03-15,"['wulanga', 'ndakenda', 'kumukunda']",wulanga ndakenda kumukunda
Mulembe nasima khumuliango.,lubukusu,manual_collection,2026-03-15,"['mulembe', 'nasima', 'khumuliango']",mulembe nasima khumuliango
Wulanga naloma khusikulu.,lubukusu,manual_collection,2026-03-15,"['wulanga', 'naloma', 'khusikulu']",wulanga naloma khusikulu
Mulembe naloma khukhwitu.,lubukusu,manual_collection,2026-03-15,"['mulembe', 'naloma', 'khukhwitu']",mulembe naloma khukhwitu
Wanyala ndeukha mwikulu.,lubukusu,manual_collection,2026-03-15,"['wanyala', 'ndeukha', 'mwikulu']",wanyala ndeukha mwikulu
Mulembe ndakhola khumuliango.,lubukusu,manual_collection,2026-03-15,"['mulembe', 'ndakhola', 'khumuliango']",mulembe ndakhola khumuliango
Wanyala ndeukha khusikulu.,lubukusu,manual_collection,2026-03-15,"['wanyala', 'ndeukha', 'khusikulu']",wanyala ndeukha khusikulu
Khabili ndakhola mwikulu.,lubukusu,manual_collection,2026-03-15,"['khabili', 'ndakhola', 'mwikulu']",khabili ndakhola mwikulu
Khabili ndakenda mwikulu.,lubukusu,manual_collection,2026-03-15,"['khabili', 'ndakenda', 'mwikulu']",khabili ndakenda mwikulu
Khabili ndakhola mwikulu.,lubukusu,manual_collection,2026-03-15,"['khabili', 'ndakhola', 'mwikulu']",khabili ndakhola mwikulu
Wanyala ndeukha khusikulu.,lubukusu,manual_collection,2026-03-15,"['wanyala', 'ndeukha', 'khusikulu']",wanyala ndeukha khusikulu
Mulembe ndakhola Bulukhayo.,lubukusu,manual_collection,2026-03-15,"['mulembe', 'ndakhola', 'bulukhayo']",mulembe ndakhola bulukhayo
Mulembe ndeukha Bulukhayo.,lubukusu,manual_collection,2026-03-15,"['mulembe', 'ndeukha', 'bulukhayo']",mulembe ndeukha bulukhayo
Wulanga ndeukha Bulukhayo.,lubukusu,manual_collection,2026-03-15,"['wulanga', 'ndeukha', 'bulukhayo']",wulanga ndeukha bulukhayo
Wulanga ndakenda mwikulu.,lubukusu,manual_collection,2026-03-15,"['wulanga', 'ndakenda', 'mwikulu']",wulanga ndakenda mwikulu
Khabili ndeukha khukhwitu.,lubukusu,manual_collection,2026-03-15,"['khabili', 'ndeukha', 'khukhwitu']",khabili ndeukha khukhwitu
Khabili naloma mwikulu.,lubukusu,manual_collection,2026-03-15,"['khabili', 'naloma', 'mwikulu']",khabili naloma mwikulu
Wulanga ndakhola mwikulu.,lubukusu,manual_collection,2026-03-15,"['wulanga', 'ndakhola', 'mwikulu']",wulanga ndakhola mwikulu
Wulanga naloma mwikulu.,lubukusu,manual_collection,2026-03-15,"['wulanga', 'naloma', 'mwikulu']",wulanga naloma mwikulu
Khabili ndakenda khusikulu.,lubukusu,manual_collection,2026-03-15,"['khabili', 'ndakenda', 'khusikulu']",khabili ndakenda khusikulu
Wulanga ndakenda mwikulu.,lubukusu,manual_collection,2026-03-15,"['wulanga', 'ndakenda', 'mwikulu']",wulanga ndakenda mwikulu
Khabili nasima mwikulu.,lubukusu,manual_collection,2026-03-15,"['khabili', 'nasima', 'mwikulu']",khabili nasima mwikulu
Mulembe nasima khukhwitu.,lubukusu,manual_collection,2026-03-15,"['mulembe', 'nasima', 'khukhwitu']",mulembe nasima khukhwitu
Mulembe ndakenda khusikulu.,lubukusu,manual_collection,2026-03-15,"['mulembe', 'ndakenda', 'khusikulu']",mulembe ndakenda khusikulu
Wanyala ndakenda kumukunda.,lubukusu,manual_collection,2026-03-15,"['wanyala', 'ndakenda', 'kumukunda']",wanyala ndakenda kumukunda
Khabili ndeukha khumuliango.,lubukusu,manual_collection,2026-03-15,"['khabili', 'ndeukha', 'khumuliango']",khabili ndeukha khumuliango
Wanyala nasima khumuliango.,lubukusu,manual_collection,2026-03-15,"['wanyala', 'nasima', 'khumuliango']",wanyala nasima khumuliango
Wanyala ndekhula mwikulu.,lubukusu,manual_collection,2026-03-15,"['wanyala', 'ndekhula', 'mwikulu']",wanyala ndekhula mwikulu
Khabili naloma khusikulu.,lubukusu,manual_collection,2026-03-15,"['khabili', 'naloma', 'khusikulu']",khabili naloma khusikulu
Mulembe ndakenda kumukunda.,lubukusu,manual_collection,2026-03-15,"['mulembe', 'ndakenda', 'kumukunda']",mulembe ndakenda kumukunda
Mulembe ndekhula Bulukhayo.,lubukusu,manual_collection,2026-03-15,"['mulembe', 'ndekhula', 'bulukhayo']",mulembe ndekhula bulukhayo
Wulanga naloma Bulukhayo.,lubukusu,manual_collection,2026-03-15,"['wulanga', 'naloma', 'bulukhayo']",wulanga naloma bulukhayo
Khabili ndakenda mwikulu.,lubukusu,manual_collection,2026-03-15,"['khabili', 'ndakenda', 'mwikulu']",khabili ndakenda mwikulu
Khabili ndakhola khukhwitu.,lubukusu,manual_collection,2026-03-15,"['khabili', 'ndakhola', 'khukhwitu']",khabili ndakhola khukhwitu
Wanyala ndakhola mwikulu.,lubukusu,manual_collection,2026-03-15,"['wanyala', 'ndakhola', 'mwikulu']",wanyala ndakhola mwikulu
Khabili naloma khusikulu.,lubukusu,manual_collection,2026-03-15,"['khabili', 'naloma', 'khusikulu']",khabili naloma khusikulu
Khabili ndakhola mwikulu.,lubukusu,manual_collection,2026-03-15,"['khabili', 'ndakhola', 'mwikulu']",khabili ndakhola mwikulu
Wanyala naloma mwikulu.,lubukusu,manual_collection,2026-03-15,"['wanyala', 'naloma', 'mwikulu']",wanyala naloma mwikulu
Wanyala ndakenda khumuliango.,lubukusu,manual_collection,2026-03-15,"['wanyala', 'ndakenda', 'khumuliango']",wanyala ndakenda khumuliango
Wanyala ndeukha khukhwitu.,lubukusu,manual_collection,2026-03-15,"['wanyala', 'ndeukha', 'khukhwitu']",wanyala ndeukha khukhwitu
Mulembe ndakenda mwikulu.,lubukusu,manual_collection,2026-03-15,"['mulembe', 'ndakenda', 'mwikulu']",mulembe ndakenda mwikulu
Mulembe ndekhula khukhwitu.,lubukusu,manual_collection,2026-03-15,"['mulembe', 'ndekhula', 'khukhwitu']",mulembe ndekhula khukhwitu
Wulanga naloma khumuliango.,lubukusu,manual_collection,2026-03-15,"['wulanga', 'naloma', 'khumuliango']",wulanga naloma khumuliango
Wanyala ndakenda mwikulu.,lubukusu,manual_collection,2026-03-15,"['wanyala', 'ndakenda', 'mwikulu']",wanyala ndakenda mwikulu
Khabili ndakhola mwikulu.,lubukusu,manual_collection,2026-03-15,"['khabili', 'ndakhola', 'mwikulu']",khabili ndakhola mwikulu
Khabili ndeukha Bulukhayo.,lubukusu,manual_collection,2026-03-15,"['khabili', 'ndeukha', 'bulukhayo']",khabili ndeukha bulukhayo
Mulembe ndeukha khukhwitu.,lubukusu,manual_collection,2026-03-15,"['mulembe', 'ndeukha', 'khukhwitu']",mulembe ndeukha khukhwitu
Mulembe ndekhula kumukunda.,lubukusu,manual_collection,2026-03-15,"['mulembe', 'ndekhula', 'kumukunda']",mulembe ndekhula kumukunda
Wulanga ndeukha khukhwitu.,lubukusu,manual_collection,2026-03-15,"['wulanga', 'ndeukha', 'khukhwitu']",wulanga ndeukha khukhwitu
Wanyala ndekhula khumuliango.,lubukusu,manual_collection,2026-03-15,"['wanyala', 'ndekhula', 'khumuliango']",wanyala ndekhula khumuliango
Wanyala ndeukha khusikulu.,lubukusu,manual_collection,2026-03-15,"['wanyala', 'ndeukha', 'khusikulu']",wanyala ndeukha khusikulu
Wanyala ndakhola khumuliango.,lubukusu,manual_collection,2026-03-15,"['wanyala', 'ndakhola', 'khumuliango']",wanyala ndakhola khumuliango
Khabili nasima kumukunda.,lubukusu,manual_collection,2026-03-15,"['khabili', 'nasima', 'kumukunda']",khabili nasima kumukunda
Khabili ndakenda mwikulu.,lubukusu,manual_collection,2026-03-15,"['khabili', 'ndakenda', 'mwikulu']",khabili ndakenda mwikulu
Khabili ndeukha kumukunda.,lubukusu,manual_collection,2026-03-15,"['khabili', 'ndeukha', 'kumukunda']",khabili ndeukha kumukunda
Mulembe ndakenda khusikulu.,lubukusu,manual_collection,2026-03-15,"['mulembe', 'ndakenda', 'khusikulu']",mulembe ndakenda khusikulu
Mulembe ndeukha kumukunda.,lubukusu,manual_collection,2026-03-15,"['mulembe', 'ndeukha', 'kumukunda']",mulembe ndeukha kumukunda
Wanyala nasima Bulukhayo.,lubukusu,manual_collection,2026-03-15,"['wanyala', 'nasima', 'bulukhayo']",wanyala nasima bulukhayo
Khabili naloma khumuliango.,lubukusu,manual_collection,2026-03-15,"['khabili', 'naloma', 'khumuliango']",khabili naloma khumuliango
Wulanga ndakenda mwikulu.,lubukusu,manual_collection,2026-03-15,"['wulanga', 'ndakenda', 'mwikulu']",wulanga ndakenda mwikulu
Mulembe naloma mwikulu.,lubukusu,manual_collection,2026-03-15,"['mulembe', 'naloma', 'mwikulu']",mulembe naloma mwikulu
Wanyala ndakenda khumuliango.,lubukusu,manual_collection,2026-03-15,"['wanyala', 'ndakenda', 'khumuliango']",wanyala ndakenda khumuliango
Mulembe ndakenda khukhwitu.,lubukusu,manual_collection,2026-03-15,"['mulembe', 'ndakenda', 'khukhwitu']",mulembe ndakenda khukhwitu
Khabili ndeukha khukhwitu.,lubukusu,manual_collection,2026-03-15,"['khabili', 'ndeukha', 'khukhwitu']",khabili ndeukha khukhwitu
Wulanga ndakhola khumuliango.,lubukusu,manual_collection,2026-03-15,"['wulanga', 'ndakhola', 'khumuliango']",wulanga ndakhola khumuliango
Wulanga ndekhula mwikulu.,lubukusu,manual_collection,2026-03-15,"['wulanga', 'ndekhula', 'mwikulu']",wulanga ndekhula mwikulu
Wulanga ndakhola khukhwitu.,lubukusu,manual_collection,2026-03-15,"['wulanga', 'ndakhola', 'khukhwitu']",wulanga ndakhola khukhwitu
Khabili nasima khumuliango.,lubukusu,manual_collection,2026-03-15,"['khabili', 'nasima', 'khumuliango']",khabili nasima khumuliango
Wanyala naloma khumuliango.,lubukusu,manual_collection,2026-03-15,"['wanyala', 'naloma', 'khumuliango']",wanyala naloma khumuliango
"Niko poa tu, mbona?",sheng,manual_collection,2026-03-15,"['niko', 'poa', 'tu', 'mbona']",niko poa tu mbona
Vipi msee? Uko aje?,sheng,manual_collection,2026-03-15,"['vipi', 'msee', 'uko', 'aje']",vipi msee uko aje
"Poa poa, unasemaje?",sheng,manual_collection,2026-03-15,"['poa', 'poa', 'unasemaje']",poa poa unasemaje
"Niaje, umeshindaje?",sheng,manual_collection,2026-03-15,"['niaje', 'umeshindaje']",niaje umeshindaje
"Freshi kabisa, wewe?",sheng,manual_collection,2026-03-15,"['freshi', 'kabisa', 'wewe']",freshi kabisa wewe
"Sema nduthi, iko aje?",sheng,manual_collection,2026-03-15,"['sema', 'nduthi', 'iko', 'aje']",sema nduthi iko aje
"Mboka, habari gani?",sheng,manual_collection,2026-03-15,"['mboka', 'habari', 'gani']",mboka habari gani
Manze leo ni heavy.,sheng,manual_collection,2026-03-15,"['manze', 'leo', 'ni', 'heavy']",manze leo ni heavy
Niko na vibe noma leo.,sheng,manual_collection,2026-03-15,"['niko', 'na', 'vibe', 'noma', 'leo']",niko na vibe noma leo
Mambo poa tu mtaani.,sheng,manual_collection,2026-03-15,"['mambo', 'poa', 'tu', 'mtaani']",mambo poa tu mtaani
Wacha tuende base kesho.,sheng,manual_collection,2026-03-15,"['wacha', 'tuende', 'base', 'kesho']",wacha tuende base kesho
Nimekula job yangu.,sheng,manual_collection,2026-03-15,"['nimekula', 'job', 'yangu']",nimekula job yangu
Tumesota mtaa hata mbaya.,sheng,manual_collection,2026-03-15,"['tumesota', 'mtaa', 'hata', 'mbaya']",tumesota mtaa hata mbaya
Nimechill tu nyumbani.,sheng,manual_collection,2026-03-15,"['nimechill', 'tu', 'nyumbani']",nimechill tu nyumbani
Twende tupige story kidogo.,sheng,manual_collection,2026-03-15,"['twende', 'tupige', 'story', 'kidogo']",twende tupige story kidogo
Tuko na mashibe ya kufanya.,sheng,manual_collection,2026-03-15,"['tuko', 'na', 'mashibe', 'ya', 'kufanya']",tuko na mashibe ya kufanya
Niko na pressure ya kazi.,sheng,manual_collection,2026-03-15,"['niko', 'na', 'pressure', 'ya', 'kazi']",niko na pressure ya kazi
Umechill aje weekend?,sheng,manual_collection,2026-03-15,"['umechill', 'aje', 'weekend']",umechill aje weekend
Nimebonga na dem yangu.,sheng,manual_collection,2026-03-15,"['nimebonga', 'na', 'dem', 'yangu']",nimebonga na dem yangu
Tumesota na maBRRR.,sheng,manual_collection,2026-03-15,"['tumesota', 'na', 'mabrrr']",tumesota na mabrrr
Msee huyo ni fresh sana.,sheng,manual_collection,2026-03-15,"['msee', 'huyo', 'ni', 'fresh', 'sana']",msee huyo ni fresh sana
Manzi yule ni kali.,sheng,manual_collection,2026-03-15,"['manzi', 'yule', 'ni', 'kali']",manzi yule ni kali
Dem wangu ni poa.,sheng,manual_collection,2026-03-15,"['dem', 'wangu', 'ni', 'poa']",dem wangu ni poa
MaBRRR zangu ni wengi.,sheng,manual_collection,2026-03-15,"['mabrrr', 'zangu', 'ni', 'wengi']",mabrrr zangu ni wengi
Huyo ni bro yangu.,sheng,manual_collection,2026-03-15,"['huyo', 'ni', 'bro', 'yangu']",huyo ni bro yangu
Manze ni mdosi wangu.,sheng,manual_collection,2026-03-15,"['manze', 'ni', 'mdosi', 'wangu']",manze ni mdosi wangu
Yule manzi ni moto.,sheng,manual_collection,2026-03-15,"['yule', 'manzi', 'ni', 'moto']",yule manzi ni moto
Hawa madame ni poa.,sheng,manual_collection,2026-03-15,"['hawa', 'madame', 'ni', 'poa']",hawa madame ni poa
Wasee wetu ni wengi.,sheng,manual_collection,2026-03-15,"['wasee', 'wetu', 'ni', 'wengi']",wasee wetu ni wengi
Hio ni nduthi yangu.,sheng,manual_collection,2026-03-15,"['hio', 'ni', 'nduthi', 'yangu']",hio ni nduthi yangu
Uko na mbao?,sheng,manual_collection,2026-03-15,"['uko', 'na', 'mbao']",uko na mbao
Nimebroke hii mwezi.,sheng,manual_collection,2026-03-15,"['nimebroke', 'hii', 'mwezi']",nimebroke hii mwezi
Tafuta doh kidogo.,sheng,manual_collection,2026-03-15,"['tafuta', 'doh', 'kidogo']",tafuta doh kidogo
Niko na cash ndogo.,sheng,manual_collection,2026-03-15,"['niko', 'na', 'cash', 'ndogo']",niko na cash ndogo
Hio bei ni heavy.,sheng,manual_collection,2026-03-15,"['hio', 'bei', 'ni', 'heavy']",hio bei ni heavy
Twende tushike fare.,sheng,manual_collection,2026-03-15,"['twende', 'tushike', 'fare']",twende tushike fare
Nimepata job ya jaba.,sheng,manual_collection,2026-03-15,"['nimepata', 'job', 'ya', 'jaba']",nimepata job ya jaba
Doh iko wapi?,sheng,manual_collection,2026-03-15,"['doh', 'iko', 'wapi']",doh iko wapi
Nipe mbao kidogo.,sheng,manual_collection,2026-03-15,"['nipe', 'mbao', 'kidogo']",nipe mbao kidogo
Tumechania doh leo.,sheng,manual_collection,2026-03-15,"['tumechania', 'doh', 'leo']",tumechania doh leo
Twende tukule ngwaci.,sheng,manual_collection,2026-03-15,"['twende', 'tukule', 'ngwaci']",twende tukule ngwaci
Niko na njaa sana.,sheng,manual_collection,2026-03-15,"['niko', 'na', 'njaa', 'sana']",niko na njaa sana
Twende tukule chapo.,sheng,manual_collection,2026-03-15,"['twende', 'tukule', 'chapo']",twende tukule chapo
Hio food ni poa.,sheng,manual_collection,2026-03-15,"['hio', 'food', 'ni', 'poa']",hio food ni poa
Nimekula kitu moto.,sheng,manual_collection,2026-03-15,"['nimekula', 'kitu', 'moto']",nimekula kitu moto
Twende tupige lunch.,sheng,manual_collection,2026-03-15,"['twende', 'tupige', 'lunch']",twende tupige lunch
Umeshakula?,sheng,manual_collection,2026-03-15,['umeshakula'],umeshakula
Nataka kitu kidogo.,sheng,manual_collection,2026-03-15,"['nataka', 'kitu', 'kidogo']",nataka kitu kidogo
Hio chakula ni heavy.,sheng,manual_collection,2026-03-15,"['hio', 'chakula', 'ni', 'heavy']",hio chakula ni heavy
Twende tukule fish.,sheng,manual_collection,2026-03-15,"['twende', 'tukule', 'fish']",twende tukule fish
Twende tushike mtaa.,sheng,manual_collection,2026-03-15,"['twende', 'tushike', 'mtaa']",twende tushike mtaa
Niko town tu.,sheng,manual_collection,2026-03-15,"['niko', 'town', 'tu']",niko town tu
Uko wapi sasa?,sheng,manual_collection,2026-03-15,"['uko', 'wapi', 'sasa']",uko wapi sasa
Niko base yangu.,sheng,manual_collection,2026-03-15,"['niko', 'base', 'yangu']",niko base yangu
Twende club kesho.,sheng,manual_collection,2026-03-15,"['twende', 'club', 'kesho']",twende club kesho
Hio mboka ni poa.,sheng,manual_collection,2026-03-15,"['hio', 'mboka', 'ni', 'poa']",hio mboka ni poa
Niko Eastlands.,sheng,manual_collection,2026-03-15,"['niko', 'eastlands']",niko eastlands
Twende CBD kidogo.,sheng,manual_collection,2026-03-15,"['twende', 'cbd', 'kidogo']",twende cbd kidogo
Hio place ni moto.,sheng,manual_collection,2026-03-15,"['hio', 'place', 'ni', 'moto']",hio place ni moto
Niko Westlands poa.,sheng,manual_collection,2026-03-15,"['niko', 'westlands', 'poa']",niko westlands poa
Niko live @ Kilimani 😎,sheng,manual_collection,2026-03-15,"['niko', 'live', 'kilimani']",niko live kilimani
Tuone wa BRRR mtaani 💯,sheng,manual_collection,2026-03-15,"['tuone', 'wa', 'brrr', 'mtaani']",tuone wa brrr mtaani
Freshi kabisa msee! 🙌,sheng,manual_collection,2026-03-15,"['freshi', 'kabisa', 'msee']",freshi kabisa msee
Heavy night ku town 🌃,sheng,manual_collection,2026-03-15,"['heavy', 'night', 'ku', 'town']",heavy night ku town
"Poa poa, unasemaje? 👊",sheng,manual_collection,2026-03-15,"['poa', 'poa', 'unasemaje']",poa poa unasemaje
Wueh! Hio ni moto sana 🥵,sheng,manual_collection,2026-03-15,"['wueh', 'hio', 'ni', 'moto', 'sana']",wueh hio ni moto sana
Nimechill na maBRRR 💪,sheng,manual_collection,2026-03-15,"['nimechill', 'na', 'mabrrr']",nimechill na mabrrr
Bonga kidogo msee 🤙,sheng,manual_collection,2026-03-15,"['bonga', 'kidogo', 'msee']",bonga kidogo msee
Hii siku ni poa sana ✨,sheng,manual_collection,2026-03-15,"['hii', 'siku', 'ni', 'poa', 'sana']",hii siku ni poa sana
Twende tufeel vibe mitaani 🎉,sheng,manual_collection,2026-03-15,"['twende', 'tufeel', 'vibe', 'mitaani']",twende tufeel vibe mitaani
Hio ni mbaya sana.,sheng,manual_collection,2026-03-15,"['hio', 'ni', 'mbaya', 'sana']",hio ni mbaya sana
Manze unajua.,sheng,manual_collection,2026-03-15,"['manze', 'unajua']",manze unajua
Hio ni story ya jaba.,sheng,manual_collection,2026-03-15,"['hio', 'ni', 'story', 'ya', 'jaba']",hio ni story ya jaba
Unaniexpose vibaya.,sheng,manual_collection,2026-03-15,"['unaniexpose', 'vibaya']",unaniexpose vibaya
Hio gari ni moto sana.,sheng,manual_collection,2026-03-15,"['hio', 'gari', 'ni', 'moto', 'sana']",hio gari ni moto sana
Unadoh kitu yoyote?,sheng,manual_collection,2026-03-15,"['unadoh', 'kitu', 'yoyote']",unadoh kitu yoyote
Hio ni poa kabisa.,sheng,manual_collection,2026-03-15,"['hio', 'ni', 'poa', 'kabisa']",hio ni poa kabisa
Nimekua na ndoto mbaya.,sheng,manual_collection,2026-03-15,"['nimekua', 'na', 'ndoto', 'mbaya']",nimekua na ndoto mbaya
"Naskia poa, asko.",sheng,manual_collection,2026-03-15,"['naskia', 'poa', 'asko']",naskia poa asko
Hio ndio mboka yetu.,sheng,manual_collection,2026-03-15,"['hio', 'ndio', 'mboka', 'yetu']",hio ndio mboka yetu
Umesota wapi?,sheng,manual_collection,2026-03-15,"['umesota', 'wapi']",umesota wapi
Unataka tuende wapi?,sheng,manual_collection,2026-03-15,"['unataka', 'tuende', 'wapi']",unataka tuende wapi
Hio ni ya nini?,sheng,manual_collection,2026-03-15,"['hio', 'ni', 'ya', 'nini']",hio ni ya nini
Unajua naskia aje?,sheng,manual_collection,2026-03-15,"['unajua', 'naskia', 'aje']",unajua naskia aje
Uko na plan gani?,sheng,manual_collection,2026-03-15,"['uko', 'na', 'plan', 'gani']",uko na plan gani
Hio ni lini?,sheng,manual_collection,2026-03-15,"['hio', 'ni', 'lini']",hio ni lini
Unakuja ama?,sheng,manual_collection,2026-03-15,"['unakuja', 'ama']",unakuja ama
Umeona hio?,sheng,manual_collection,2026-03-15,"['umeona', 'hio']",umeona hio
Hio ni ya kweli?,sheng,manual_collection,2026-03-15,"['hio', 'ni', 'ya', 'kweli']",hio ni ya kweli
Unaelewa aje?,sheng,manual_collection,2026-03-15,"['unaelewa', 'aje']",unaelewa aje
Nimekula job leo.,sheng,manual_collection,2026-03-15,"['nimekula', 'job', 'leo']",nimekula job leo
Tuko na mashibe.,sheng,manual_collection,2026-03-15,"['tuko', 'na', 'mashibe']",tuko na mashibe
Boss ako na pressure.,sheng,manual_collection,2026-03-15,"['boss', 'ako', 'na', 'pressure']",boss ako na pressure
Nimechoka na kazi.,sheng,manual_collection,2026-03-15,"['nimechoka', 'na', 'kazi']",nimechoka na kazi
Hio job ni heavy.,sheng,manual_collection,2026-03-15,"['hio', 'job', 'ni', 'heavy']",hio job ni heavy
Nasoma hard msee.,sheng,manual_collection,2026-03-15,"['nasoma', 'hard', 'msee']",nasoma hard msee
Niko na exam kesho.,sheng,manual_collection,2026-03-15,"['niko', 'na', 'exam', 'kesho']",niko na exam kesho
Hio school ni poa.,sheng,manual_collection,2026-03-15,"['hio', 'school', 'ni', 'poa']",hio school ni poa
Prof ako kali.,sheng,manual_collection,2026-03-15,"['prof', 'ako', 'kali']",prof ako kali
Nimegraduate last year.,sheng,manual_collection,2026-03-15,"['nimegraduate', 'last', 'year']",nimegraduate last year
Twende club ionane.,sheng,manual_collection,2026-03-15,"['twende', 'club', 'ionane']",twende club ionane
Hio party ilikuwa moto.,sheng,manual_collection,2026-03-15,"['hio', 'party', 'ilikuwa', 'moto']",hio party ilikuwa moto
Tumesota hadi asubuhi.,sheng,manual_collection,2026-03-15,"['tumesota', 'hadi', 'asubuhi']",tumesota hadi asubuhi
Niko na hangover leo.,sheng,manual_collection,2026-03-15,"['niko', 'na', 'hangover', 'leo']",niko na hangover leo
Hio mboka ilikuwa poa.,sheng,manual_collection,2026-03-15,"['hio', 'mboka', 'ilikuwa', 'poa']",hio mboka ilikuwa poa
Twende tufeel vibe.,sheng,manual_collection,2026-03-15,"['twende', 'tufeel', 'vibe']",twende tufeel vibe
Music ikiwa moto.,sheng,manual_collection,2026-03-15,"['music', 'ikiwa', 'moto']",music ikiwa moto
Tumechill na maBRRR.,sheng,manual_collection,2026-03-15,"['tumechill', 'na', 'mabrrr']",tumechill na mabrrr
Hio night ilikuwa heavy.,sheng,manual_collection,2026-03-15,"['hio', 'night', 'ilikuwa', 'heavy']",hio night ilikuwa heavy
Twende kesho tena.,sheng,manual_collection,2026-03-15,"['twende', 'kesho', 'tena']",twende kesho tena
Sawa poa.,sheng,manual_collection,2026-03-15,"['sawa', 'poa']",sawa poa
Hio ni sawa.,sheng,manual_collection,2026-03-15,"['hio', 'ni', 'sawa']",hio ni sawa
Nimeelewa.,sheng,manual_collection,2026-03-15,['nimeelewa'],nimeelewa
Tuko pamoja.,sheng,manual_collection,2026-03-15,"['tuko', 'pamoja']",tuko pamoja
Hio ndio hio.,sheng,manual_collection,2026-03-15,"['hio', 'ndio', 'hio']",hio ndio hio
Asko poa.,sheng,manual_collection,2026-03-15,"['asko', 'poa']",asko poa
Niko sure.,sheng,manual_collection,2026-03-15,"['niko', 'sure']",niko sure
Hio ni hio.,sheng,manual_collection,2026-03-15,"['hio', 'ni', 'hio']",hio ni hio
Tumelewana.,sheng,manual_collection,2026-03-15,['tumelewana'],tumelewana
"Poa, sawa.",sheng,manual_collection,2026-03-15,"['poa', 'sawa']",poa sawa
Uko kali tu.,sheng,manual_collection,2026-03-15,"['uko', 'kali', 'tu']",uko kali tu
Uko heavy sana.,sheng,manual_collection,2026-03-15,"['uko', 'heavy', 'sana']",uko heavy sana
Wako chill sana.,sheng,manual_collection,2026-03-15,"['wako', 'chill', 'sana']",wako chill sana
Uko heavy kidogo.,sheng,manual_collection,2026-03-15,"['uko', 'heavy', 'kidogo']",uko heavy kidogo
Niko sota kidogo.,sheng,manual_collection,2026-03-15,"['niko', 'sota', 'kidogo']",niko sota kidogo
Yuko fresh sana.,sheng,manual_collection,2026-03-15,"['yuko', 'fresh', 'sana']",yuko fresh sana
Yuko fresh saa hii.,sheng,manual_collection,2026-03-15,"['yuko', 'fresh', 'saa', 'hii']",yuko fresh saa hii
Msee chill hivi.,sheng,manual_collection,2026-03-15,"['msee', 'chill', 'hivi']",msee chill hivi
Msee kali kabisa.,sheng,manual_collection,2026-03-15,"['msee', 'kali', 'kabisa']",msee kali kabisa
Manze poa kabisa.,sheng,manual_collection,2026-03-15,"['manze', 'poa', 'kabisa']",manze poa kabisa
Tuko fresh mtaani.,sheng,manual_collection,2026-03-15,"['tuko', 'fresh', 'mtaani']",tuko fresh mtaani
Mko poa hivi.,sheng,manual_collection,2026-03-15,"['mko', 'poa', 'hivi']",mko poa hivi
Manze poa kidogo.,sheng,manual_collection,2026-03-15,"['manze', 'poa', 'kidogo']",manze poa kidogo
Tuko moto saa hii.,sheng,manual_collection,2026-03-15,"['tuko', 'moto', 'saa', 'hii']",tuko moto saa hii
Mko broke saa hii.,sheng,manual_collection,2026-03-15,"['mko', 'broke', 'saa', 'hii']",mko broke saa hii
Manze sota hivi.,sheng,manual_collection,2026-03-15,"['manze', 'sota', 'hivi']",manze sota hivi
Uko poa mtaani.,sheng,manual_collection,2026-03-15,"['uko', 'poa', 'mtaani']",uko poa mtaani
Msee fresh mtaani.,sheng,manual_collection,2026-03-15,"['msee', 'fresh', 'mtaani']",msee fresh mtaani
Msee kali saa hii.,sheng,manual_collection,2026-03-15,"['msee', 'kali', 'saa', 'hii']",msee kali saa hii
Wako broke kweli.,sheng,manual_collection,2026-03-15,"['wako', 'broke', 'kweli']",wako broke kweli
Manze sota tu.,sheng,manual_collection,2026-03-15,"['manze', 'sota', 'tu']",manze sota tu
Uko fresh kweli.,sheng,manual_collection,2026-03-15,"['uko', 'fresh', 'kweli']",uko fresh kweli
Uko moto kabisa.,sheng,manual_collection,2026-03-15,"['uko', 'moto', 'kabisa']",uko moto kabisa
Msee sure kweli.,sheng,manual_collection,2026-03-15,"['msee', 'sure', 'kweli']",msee sure kweli
Manze poa saa hii.,sheng,manual_collection,2026-03-15,"['manze', 'poa', 'saa', 'hii']",manze poa saa hii
Niko moto kabisa.,sheng,manual_collection,2026-03-15,"['niko', 'moto', 'kabisa']",niko moto kabisa
Niko sure sana.,sheng,manual_collection,2026-03-15,"['niko', 'sure', 'sana']",niko sure sana
Uko poa kidogo.,sheng,manual_collection,2026-03-15,"['uko', 'poa', 'kidogo']",uko poa kidogo
Manze sure mtaani.,sheng,manual_collection,2026-03-15,"['manze', 'sure', 'mtaani']",manze sure mtaani
Wako broke saa hii.,sheng,manual_collection,2026-03-15,"['wako', 'broke', 'saa', 'hii']",wako broke saa hii
Niko poa tu.,sheng,manual_collection,2026-03-15,"['niko', 'poa', 'tu']",niko poa tu
Yuko chill tu.,sheng,manual_collection,2026-03-15,"['yuko', 'chill', 'tu']",yuko chill tu
Manze fresh kweli.,sheng,manual_collection,2026-03-15,"['manze', 'fresh', 'kweli']",manze fresh kweli
Tuko heavy kidogo.,sheng,manual_collection,2026-03-15,"['tuko', 'heavy', 'kidogo']",tuko heavy kidogo
Niko fresh saa hii.,sheng,manual_collection,2026-03-15,"['niko', 'fresh', 'saa', 'hii']",niko fresh saa hii
Msee broke kweli.,sheng,manual_collection,2026-03-15,"['msee', 'broke', 'kweli']",msee broke kweli
Wako broke kweli.,sheng,manual_collection,2026-03-15,"['wako', 'broke', 'kweli']",wako broke kweli
Uko poa sana.,sheng,manual_collection,2026-03-15,"['uko', 'poa', 'sana']",uko poa sana
Wako broke hivi.,sheng,manual_collection,2026-03-15,"['wako', 'broke', 'hivi']",wako broke hivi
Mko chill kabisa.,sheng,manual_collection,2026-03-15,"['mko', 'chill', 'kabisa']",mko chill kabisa
Msee poa sana.,sheng,manual_collection,2026-03-15,"['msee', 'poa', 'sana']",msee poa sana
Yuko sure kabisa.,sheng,manual_collection,2026-03-15,"['yuko', 'sure', 'kabisa']",yuko sure kabisa
Niko sure sana.,sheng,manual_collection,2026-03-15,"['niko', 'sure', 'sana']",niko sure sana
Tuko broke hivi.,sheng,manual_collection,2026-03-15,"['tuko', 'broke', 'hivi']",tuko broke hivi
Msee sota hivi.,sheng,manual_collection,2026-03-15,"['msee', 'sota', 'hivi']",msee sota hivi
Tuko heavy sana.,sheng,manual_collection,2026-03-15,"['tuko', 'heavy', 'sana']",tuko heavy sana
Niko sota kabisa.,sheng,manual_collection,2026-03-15,"['niko', 'sota', 'kabisa']",niko sota kabisa
Uko chill hivi.,sheng,manual_collection,2026-03-15,"['uko', 'chill', 'hivi']",uko chill hivi
Tuko heavy kabisa.,sheng,manual_collection,2026-03-15,"['tuko', 'heavy', 'kabisa']",tuko heavy kabisa
Msee fresh saa hii.,sheng,manual_collection,2026-03-15,"['msee', 'fresh', 'saa', 'hii']",msee fresh saa hii
Mko moto saa hii.,sheng,manual_collection,2026-03-15,"['mko', 'moto', 'saa', 'hii']",mko moto saa hii
Niko fresh kweli.,sheng,manual_collection,2026-03-15,"['niko', 'fresh', 'kweli']",niko fresh kweli
Manze poa kabisa.,sheng,manual_collection,2026-03-15,"['manze', 'poa', 'kabisa']",manze poa kabisa
Yuko poa kabisa.,sheng,manual_collection,2026-03-15,"['yuko', 'poa', 'kabisa']",yuko poa kabisa
Tuko chill kidogo.,sheng,manual_collection,2026-03-15,"['tuko', 'chill', 'kidogo']",tuko chill kidogo
Msee sota kabisa.,sheng,manual_collection,2026-03-15,"['msee', 'sota', 'kabisa']",msee sota kabisa
Niko sota sana.,sheng,manual_collection,2026-03-15,"['niko', 'sota', 'sana']",niko sota sana
Msee sure sana.,sheng,manual_collection,2026-03-15,"['msee', 'sure', 'sana']",msee sure sana
Wako chill kweli.,sheng,manual_collection,2026-03-15,"['wako', 'chill', 'kweli']",wako chill kweli
Niko broke saa hii.,sheng,manual_collection,2026-03-15,"['niko', 'broke', 'saa', 'hii']",niko broke saa hii
Niko chill kabisa.,sheng,manual_collection,2026-03-15,"['niko', 'chill', 'kabisa']",niko chill kabisa
Tuko sure tu.,sheng,manual_collection,2026-03-15,"['tuko', 'sure', 'tu']",tuko sure tu
Uko moto tu.,sheng,manual_collection,2026-03-15,"['uko', 'moto', 'tu']",uko moto tu
Manze heavy hivi.,sheng,manual_collection,2026-03-15,"['manze', 'heavy', 'hivi']",manze heavy hivi
Uko fresh sana.,sheng,manual_collection,2026-03-15,"['uko', 'fresh', 'sana']",uko fresh sana
Wako chill kabisa.,sheng,manual_collection,2026-03-15,"['wako', 'chill', 'kabisa']",wako chill kabisa
Manze sota sana.,sheng,manual_collection,2026-03-15,"['manze', 'sota', 'sana']",manze sota sana
Uko poa sana.,sheng,manual_collection,2026-03-15,"['uko', 'poa', 'sana']",uko poa sana
Niko sure mtaani.,sheng,manual_collection,2026-03-15,"['niko', 'sure', 'mtaani']",niko sure mtaani
Tuko broke tu.,sheng,manual_collection,2026-03-15,"['tuko', 'broke', 'tu']",tuko broke tu
Msee poa kweli.,sheng,manual_collection,2026-03-15,"['msee', 'poa', 'kweli']",msee poa kweli
Wako sota kabisa.,sheng,manual_collection,2026-03-15,"['wako', 'sota', 'kabisa']",wako sota kabisa
Yuko poa tu.,sheng,manual_collection,2026-03-15,"['yuko', 'poa', 'tu']",yuko poa tu
Uko fresh kidogo.,sheng,manual_collection,2026-03-15,"['uko', 'fresh', 'kidogo']",uko fresh kidogo
Yuko moto tu.,sheng,manual_collection,2026-03-15,"['yuko', 'moto', 'tu']",yuko moto tu
Yuko poa mtaani.,sheng,manual_collection,2026-03-15,"['yuko', 'poa', 'mtaani']",yuko poa mtaani
Tuko sota mtaani.,sheng,manual_collection,2026-03-15,"['tuko', 'sota', 'mtaani']",tuko sota mtaani
Wako fresh sana.,sheng,manual_collection,2026-03-15,"['wako', 'fresh', 'sana']",wako fresh sana
Msee sota tu.,sheng,manual_collection,2026-03-15,"['msee', 'sota', 'tu']",msee sota tu
Mko moto hivi.,sheng,manual_collection,2026-03-15,"['mko', 'moto', 'hivi']",mko moto hivi
Wako sure kweli.,sheng,manual_collection,2026-03-15,"['wako', 'sure', 'kweli']",wako sure kweli
Niko heavy hivi.,sheng,manual_collection,2026-03-15,"['niko', 'heavy', 'hivi']",niko heavy hivi
Mko fresh kabisa.,sheng,manual_collection,2026-03-15,"['mko', 'fresh', 'kabisa']",mko fresh kabisa
Niko heavy hivi.,sheng,manual_collection,2026-03-15,"['niko', 'heavy', 'hivi']",niko heavy hivi
Wako kali kweli.,sheng,manual_collection,2026-03-15,"['wako', 'kali', 'kweli']",wako kali kweli
Tuko fresh sana.,sheng,manual_collection,2026-03-15,"['tuko', 'fresh', 'sana']",tuko fresh sana
Msee moto kabisa.,sheng,manual_collection,2026-03-15,"['msee', 'moto', 'kabisa']",msee moto kabisa
Mko poa saa hii.,sheng,manual_collection,2026-03-15,"['mko', 'poa', 'saa', 'hii']",mko poa saa hii
Manze kali tu.,sheng,manual_collection,2026-03-15,"['manze', 'kali', 'tu']",manze kali tu
Uko heavy saa hii.,sheng,manual_collection,2026-03-15,"['uko', 'heavy', 'saa', 'hii']",uko heavy saa hii
Tuko heavy saa hii.,sheng,manual_collection,2026-03-15,"['tuko', 'heavy', 'saa', 'hii']",tuko heavy saa hii
Manze chill mtaani.,sheng,manual_collection,2026-03-15,"['manze', 'chill', 'mtaani']",manze chill mtaani
Mko broke kabisa.,sheng,manual_collection,2026-03-15,"['mko', 'broke', 'kabisa']",mko broke kabisa
Wako sure mtaani.,sheng,manual_collection,2026-03-15,"['wako', 'sure', 'mtaani']",wako sure mtaani
Mko kali kidogo.,sheng,manual_collection,2026-03-15,"['mko', 'kali', 'kidogo']",mko kali kidogo
Msee broke hivi.,sheng,manual_collection,2026-03-15,"['msee', 'broke', 'hivi']",msee broke hivi
Tuko moto hivi.,sheng,manual_collection,2026-03-15,"['tuko', 'moto', 'hivi']",tuko moto hivi
Wako poa kweli.,sheng,manual_collection,2026-03-15,"['wako', 'poa', 'kweli']",wako poa kweli
Tuko poa kabisa.,sheng,manual_collection,2026-03-15,"['tuko', 'poa', 'kabisa']",tuko poa kabisa
Wako heavy kweli.,sheng,manual_collection,2026-03-15,"['wako', 'heavy', 'kweli']",wako heavy kweli
Uko sure saa hii.,sheng,manual_collection,2026-03-15,"['uko', 'sure', 'saa', 'hii']",uko sure saa hii
Wako sure saa hii.,sheng,manual_collection,2026-03-15,"['wako', 'sure', 'saa', 'hii']",wako sure saa hii
Tuko fresh kabisa.,sheng,manual_collection,2026-03-15,"['tuko', 'fresh', 'kabisa']",tuko fresh kabisa
Tuko broke kidogo.,sheng,manual_collection,2026-03-15,"['tuko', 'broke', 'kidogo']",tuko broke kidogo
Msee sure tu.,sheng,manual_collection,2026-03-15,"['msee', 'sure', 'tu']",msee sure tu
Yuko moto mtaani.,sheng,manual_collection,2026-03-15,"['yuko', 'moto', 'mtaani']",yuko moto mtaani
Manze chill kabisa.,sheng,manual_collection,2026-03-15,"['manze', 'chill', 'kabisa']",manze chill kabisa
Mko sure mtaani.,sheng,manual_collection,2026-03-15,"['mko', 'sure', 'mtaani']",mko sure mtaani
Uko moto kweli.,sheng,manual_collection,2026-03-15,"['uko', 'moto', 'kweli']",uko moto kweli
Manze kali kidogo.,sheng,manual_collection,2026-03-15,"['manze', 'kali', 'kidogo']",manze kali kidogo
Msee kali saa hii.,sheng,manual_collection,2026-03-15,"['msee', 'kali', 'saa', 'hii']",msee kali saa hii
Msee broke sana.,sheng,manual_collection,2026-03-15,"['msee', 'broke', 'sana']",msee broke sana
Msee poa kabisa.,sheng,manual_collection,2026-03-15,"['msee', 'poa', 'kabisa']",msee poa kabisa
Mko chill tu.,sheng,manual_collection,2026-03-15,"['mko', 'chill', 'tu']",mko chill tu
Wako kali saa hii.,sheng,manual_collection,2026-03-15,"['wako', 'kali', 'saa', 'hii']",wako kali saa hii
Mko heavy saa hii.,sheng,manual_collection,2026-03-15,"['mko', 'heavy', 'saa', 'hii']",mko heavy saa hii
Manze poa kweli.,sheng,manual_collection,2026-03-15,"['manze', 'poa', 'kweli']",manze poa kweli
Mko poa tu.,sheng,manual_collection,2026-03-15,"['mko', 'poa', 'tu']",mko poa tu
Manze moto sana.,sheng,manual_collection,2026-03-15,"['manze', 'moto', 'sana']",manze moto sana
Niko poa hivi.,sheng,manual_collection,2026-03-15,"['niko', 'poa', 'hivi']",niko poa hivi
Yuko fresh mtaani.,sheng,manual_collection,2026-03-15,"['yuko', 'fresh', 'mtaani']",yuko fresh mtaani
Wako poa sana.,sheng,manual_collection,2026-03-15,"['wako', 'poa', 'sana']",wako poa sana
Msee poa hivi.,sheng,manual_collection,2026-03-15,"['msee', 'poa', 'hivi']",msee poa hivi
Wako moto kabisa.,sheng,manual_collection,2026-03-15,"['wako', 'moto', 'kabisa']",wako moto kabisa
Yuko broke kabisa.,sheng,manual_collection,2026-03-15,"['yuko', 'broke', 'kabisa']",yuko broke kabisa
Wako kali mtaani.,sheng,manual_collection,2026-03-15,"['wako', 'kali', 'mtaani']",wako kali mtaani
Yuko moto kidogo.,sheng,manual_collection,2026-03-15,"['yuko', 'moto', 'kidogo']",yuko moto kidogo
Yuko fresh mtaani.,sheng,manual_collection,2026-03-15,"['yuko', 'fresh', 'mtaani']",yuko fresh mtaani
Tuko heavy kweli.,sheng,manual_collection,2026-03-15,"['tuko', 'heavy', 'kweli']",tuko heavy kweli
Mko poa mtaani.,sheng,manual_collection,2026-03-15,"['mko', 'poa', 'mtaani']",mko poa mtaani
Msee poa tu.,sheng,manual_collection,2026-03-15,"['msee', 'poa', 'tu']",msee poa tu
Mko broke saa hii.,sheng,manual_collection,2026-03-15,"['mko', 'broke', 'saa', 'hii']",mko broke saa hii
Uko moto tu.,sheng,manual_collection,2026-03-15,"['uko', 'moto', 'tu']",uko moto tu
Uko heavy hivi.,sheng,manual_collection,2026-03-15,"['uko', 'heavy', 'hivi']",uko heavy hivi
Tuko broke hivi.,sheng,manual_collection,2026-03-15,"['tuko', 'broke', 'hivi']",tuko broke hivi
Niko poa kidogo.,sheng,manual_collection,2026-03-15,"['niko', 'poa', 'kidogo']",niko poa kidogo
Mko kali saa hii.,sheng,manual_collection,2026-03-15,"['mko', 'kali', 'saa', 'hii']",mko kali saa hii
Yuko broke saa hii.,sheng,manual_collection,2026-03-15,"['yuko', 'broke', 'saa', 'hii']",yuko broke saa hii
Niko sota kabisa.,sheng,manual_collection,2026-03-15,"['niko', 'sota', 'kabisa']",niko sota kabisa
Uko broke kidogo.,sheng,manual_collection,2026-03-15,"['uko', 'broke', 'kidogo']",uko broke kidogo
Yuko poa sana.,sheng,manual_collection,2026-03-15,"['yuko', 'poa', 'sana']",yuko poa sana
Tuko chill kabisa.,sheng,manual_collection,2026-03-15,"['tuko', 'chill', 'kabisa']",tuko chill kabisa
Manze fresh sana.,sheng,manual_collection,2026-03-15,"['manze', 'fresh', 'sana']",manze fresh sana
Uko chill tu.,sheng,manual_collection,2026-03-15,"['uko', 'chill', 'tu']",uko chill tu
Wako chill hivi.,sheng,manual_collection,2026-03-15,"['wako', 'chill', 'hivi']",wako chill hivi
Manze chill kidogo.,sheng,manual_collection,2026-03-15,"['manze', 'chill', 'kidogo']",manze chill kidogo
Tuko sure saa hii.,sheng,manual_collection,2026-03-15,"['tuko', 'sure', 'saa', 'hii']",tuko sure saa hii
Uko fresh kidogo.,sheng,manual_collection,2026-03-15,"['uko', 'fresh', 'kidogo']",uko fresh kidogo
Wako moto sana.,sheng,manual_collection,2026-03-15,"['wako', 'moto', 'sana']",wako moto sana
Yuko sota kidogo.,sheng,manual_collection,2026-03-15,"['yuko', 'sota', 'kidogo']",yuko sota kidogo
